-- phpMyAdmin SQL Dump
-- version 5.0.4
-- https://www.phpmyadmin.net/
--
-- Host: 127.0.0.1
-- Generation Time: Aug 17, 2022 at 02:33 AM
-- Server version: 10.4.17-MariaDB
-- PHP Version: 8.0.0

SET SQL_MODE = "NO_AUTO_VALUE_ON_ZERO";
START TRANSACTION;
SET time_zone = "+00:00";


/*!40101 SET @OLD_CHARACTER_SET_CLIENT=@@CHARACTER_SET_CLIENT */;
/*!40101 SET @OLD_CHARACTER_SET_RESULTS=@@CHARACTER_SET_RESULTS */;
/*!40101 SET @OLD_COLLATION_CONNECTION=@@COLLATION_CONNECTION */;
/*!40101 SET NAMES utf8mb4 */;

--
-- Database: `db_apotek`
--

-- --------------------------------------------------------

--
-- Table structure for table `tb_admin_user`
--

CREATE TABLE `tb_admin_user` (
  `id` int(10) NOT NULL,
  `nama` varchar(50) NOT NULL,
  `username` varchar(20) NOT NULL,
  `password` varchar(100) NOT NULL,
  `status` enum('admin','user') NOT NULL
) ENGINE=InnoDB DEFAULT CHARSET=utf8mb4;

--
-- Dumping data for table `tb_admin_user`
--

INSERT INTO `tb_admin_user` (`id`, `nama`, `username`, `password`, `status`) VALUES
(18, 'admin', 'admin', '123', 'admin'),
(19, 'Kevin Tanu Darma', 'kevin123', '123', 'user');

-- --------------------------------------------------------

--
-- Table structure for table `tb_apotek`
--

CREATE TABLE `tb_apotek` (
  `id` int(10) NOT NULL,
  `nama` varchar(100) NOT NULL,
  `alamat` varchar(100) NOT NULL
) ENGINE=InnoDB DEFAULT CHARSET=utf8mb4;

--
-- Dumping data for table `tb_apotek`
--

INSERT INTO `tb_apotek` (`id`, `nama`, `alamat`) VALUES
(1, 'Apotek Indra Jaya', 'Jl. Wolter Monginsidi No. 20 B, Gotong Royong, Kec. Tj. Karang Pusat, Kota Bandar Lampung, 35211'),
(2, 'Apotek Indra Jaya 2 ', 'Jl. Salim Batubara No.140, Kupang Teba, Kec. Tlk. Betung Utara, Kota Bandar Lampung, Lampung 35221'),
(3, 'Apotek Florence', 'Jl. Yos Sudarso No.38, Bumi Waras, Kec. Bumi Waras, Kota Bandar Lampung, Lampung 35226'),
(4, 'Apotik Luvvia Shinta', 'Jl. Yos Sudarso No.52, Bumi Waras, Kec. Bumi Waras, Kota Bandar Lampung, Lampung 35226'),
(5, 'Apotek Pahoman', 'Jl. Ir. H. Juanda No.19, Pahoman, Engal, Kota Bandar Lampung, Lampung 35228');

-- --------------------------------------------------------

--
-- Table structure for table `tb_obat`
--

CREATE TABLE `tb_obat` (
  `id` int(10) NOT NULL,
  `id_apotek` int(10) NOT NULL,
  `nama` varchar(50) NOT NULL,
  `harga` int(20) NOT NULL,
  `stock` int(10) NOT NULL,
  `terjual` int(10) NOT NULL,
  `tersedia` int(10) NOT NULL,
  `kategori` varchar(20) NOT NULL
) ENGINE=InnoDB DEFAULT CHARSET=utf8mb4;

--
-- Dumping data for table `tb_obat`
--

INSERT INTO `tb_obat` (`id`, `id_apotek`, `nama`, `harga`, `stock`, `terjual`, `tersedia`, `kategori`) VALUES
(1, 1, 'ABBOTIC 250', 322500, 50, 43, 7, ''),
(2, 1, 'ABBOTIC XL 500', 60000, 75, 32, 43, ''),
(3, 1, 'ABILIFY 10 MG', 310000, 200, 33, 167, ''),
(4, 1, 'ABILIFY 15 MG', 325000, 125, 50, 75, ''),
(5, 1, 'ABIXIM 100 MG', 1500, 300, 43, 257, ''),
(6, 1, 'ABIXIM 200 MG ', 3000, 75, 21, 54, ''),
(7, 1, 'ACILAZ 30 MG KAPSUL', 15200, 100, 2, 98, ''),
(8, 1, 'ACITRAL ', 12000, 250, 21, 229, ''),
(9, 1, 'ACITRAL SY', 39000, 80, 22, 58, ''),
(10, 1, 'ACITRAL SYR 120 ML', 29100, 80, 25, 55, ''),
(11, 1, 'ACLAM DRY SYR', 72000, 90, 3, 87, ''),
(12, 1, 'ACLAM FORTE DRY SYR', 94000, 60, 21, 39, ''),
(13, 1, 'ACRAN 150', 5000, 50, 22, 28, ''),
(14, 1, 'ACRAN 150 TABLET', 5700, 400, 43, 357, ''),
(15, 1, 'ACRAN 300', 10000, 300, 32, 268, ''),
(16, 1, 'ACRAN INJ', 23500, 350, 33, 317, ''),
(17, 1, 'AMBROXOL ', 55000, 50, 21, 29, ''),
(18, 1, 'AMBROXOL 15MG/ML SYR 60ML*', 5000, 80, 76, 4, ''),
(19, 1, 'AMBROXOL 30MG TAB*', 200, 375, 200, 175, ''),
(20, 1, 'AMBROXOL SYRUP', 5300, 350, 321, 29, ''),
(21, 1, 'AMINOFILIN', 13200, 400, 34, 366, ''),
(22, 1, 'AMINORAL', 8500, 60, 32, 28, ''),
(23, 1, 'AMINORAL KAP', 8300, 80, 54, 26, ''),
(24, 1, 'AMITRIPTILIN 25 TAB*', 150, 70, 34, 36, ''),
(25, 1, 'AMLODIPIN 5 TAB*', 1500, 90, 35, 55, ''),
(26, 1, 'AMLODIPINE 10MG TAB', 2500, 200, 123, 77, ''),
(27, 1, 'AMOXAN 250 MG', 2000, 250, 124, 126, ''),
(28, 1, 'AMOXAN D.S.', 27500, 225, 21, 204, ''),
(29, 1, 'ANTANGIN PERMEN ', 25000, 75, 44, 31, ''),
(30, 1, 'ANTASIDA SYR 60ML*', 5000, 50, 1, 49, ''),
(31, 1, 'ANTASIDA TAB*', 300, 300, 2, 298, ''),
(32, 1, 'ANTIMO ', 4500, 75, 6, 69, ''),
(33, 1, 'ANTIMO ANAK', 14600, 100, 7, 93, ''),
(34, 1, 'ANVOMER B6 TAB', 2000, 250, 34, 216, ''),
(35, 1, 'APIALYS 100ML SYR', 34500, 80, 5, 75, ''),
(36, 1, 'ATORSAN 10', 15000, 100, 21, 79, ''),
(37, 1, 'ATORSAN 20', 2800, 250, 22, 228, ''),
(38, 1, 'ATP DANKOS', 1800, 80, 43, 37, ''),
(39, 1, 'AVELOX', 78300, 80, 32, 48, ''),
(40, 1, 'AVEMAR', 75000, 90, 33, 57, ''),
(41, 1, 'AVITER POWDER SACH', 17000, 60, 40, 20, ''),
(42, 1, 'AXTAN KAPSUL', 8250, 50, 41, 9, ''),
(43, 1, 'BACTRAZ INJ', 217800, 400, 47, 353, ''),
(44, 1, 'BACTRICID FILTER', 104500, 300, 48, 252, ''),
(45, 1, 'BAQUINOR 0,3% EYE DROP', 25300, 350, 36, 314, ''),
(46, 1, 'BAQUINOR 250MG TAB', 6750, 50, 31, 19, ''),
(47, 1, 'BAQUINOR FORTE KAP', 15500, 80, 24, 56, ''),
(48, 1, 'BAQUINOR INF', 233000, 375, 27, 348, ''),
(49, 1, 'BATUGIN ELIXIR ', 36000, 350, 29, 321, ''),
(50, 1, 'BECECAR TAB', 2000, 400, 41, 359, ''),
(51, 1, 'BECOM -ZET', 1800, 60, 44, 16, ''),
(52, 1, 'BECOMBION 110 SYR', 45000, 80, 1, 79, ''),
(53, 1, 'BECOMBION DROP', 30000, 70, 2, 68, ''),
(54, 1, 'BECOMBION FORTE', 32630, 90, 6, 84, ''),
(55, 1, 'BIOCURLAM TAB', 5950, 50, 21, 29, ''),
(56, 1, 'BIOLINCOM KAP', 6100, 400, 22, 378, ''),
(57, 1, 'BIOLYSIN 100 ML', 20000, 300, 25, 275, ''),
(58, 1, 'BIOLYSIN 60', 16000, 350, 3, 347, ''),
(59, 1, 'BIOLYSIN EMULSION', 24500, 50, 21, 29, ''),
(60, 1, 'BIOLYSIN KID', 16000, 80, 33, 47, ''),
(61, 1, 'BIOLYSIN SMART 100 ML', 17600, 375, 50, 325, ''),
(62, 1, 'BODREX FLU BATUK BERDAHAK', 2100, 75, 33, 42, ''),
(63, 1, 'BODREX FLU DAN BATUK BIRU', 20000, 50, 40, 10, ''),
(64, 1, 'BODREX HERBAL SAKIT KEPALA', 12000, 300, 41, 259, ''),
(65, 1, 'BODREX MIGRA', 2300, 75, 47, 28, ''),
(66, 1, 'BODREXIN ', 5500, 100, 48, 52, ''),
(67, 1, 'BODREXIN DEMAM SYRUP', 12500, 250, 36, 214, ''),
(68, 1, 'BODREXIN DEMAM SYRUP 30 ML ', 8000, 80, 31, 49, ''),
(69, 1, 'BODREXIN FLU DAN BATUK SYR 56', 10000, 80, 24, 56, ''),
(70, 1, 'BODREXIN PILEK ALERGI', 11600, 90, 27, 63, ''),
(71, 1, 'BORAGINOL S CREAM', 69000, 60, 29, 31, ''),
(72, 1, 'BRALIFEX EYE DROP', 54000, 50, 41, 9, ''),
(73, 1, 'BRAXIDIN TAB', 900, 400, 44, 356, ''),
(74, 1, 'BRAZINE KAPLET', 1650, 300, 1, 299, ''),
(75, 1, 'BUFACOMB KRIM', 16000, 100, 2, 98, ''),
(76, 1, 'BUFECT 60ML SYR', 16500, 250, 6, 244, ''),
(77, 1, 'BUFECT FORTE SYR', 23000, 80, 7, 73, ''),
(78, 1, 'BURNAZIN KRIM 1% 35GR', 53000, 80, 34, 46, ''),
(79, 1, 'CAL-95', 4900, 90, 5, 85, ''),
(80, 1, 'CALADIN AHA', 21000, 60, 6, 54, ''),
(81, 1, 'CALADIN LOT 60 ML ', 14000, 50, 33, 17, ''),
(82, 1, 'CALADIN LOT 95 ML ', 18000, 400, 21, 379, ''),
(83, 1, 'CARDIVASK 10 MG', 11500, 50, 2, 48, ''),
(84, 1, 'CARDIVASK 5 MG', 6500, 400, 6, 394, ''),
(85, 1, 'CARMESON 16MG', 5300, 250, 7, 243, ''),
(86, 1, 'CARMESON 4MG', 1950, 80, 34, 46, ''),
(87, 1, 'CARMESON 8MG', 3250, 80, 5, 75, ''),
(88, 1, 'CARNIQ KAPLET', 5500, 90, 6, 84, ''),
(89, 1, 'CATAFLAM 25 MG', 34800, 60, 33, 27, ''),
(90, 1, 'CATAFLAM 50 MG', 77000, 50, 21, 29, ''),
(91, 1, 'CHOLESTAT TAB', 3500, 250, 24, 226, ''),
(92, 1, 'CIALIS 10 MG', 201000, 80, 27, 53, ''),
(93, 1, 'CIALIS 20 MG', 244950, 80, 29, 51, ''),
(94, 1, 'CIALIS 5 MG', 51000, 90, 41, 49, ''),
(95, 1, 'CIFLOS 500 TAB', 17000, 60, 44, 16, ''),
(96, 1, 'CIMETIDIN 200 TAB*', 100, 50, 1, 49, ''),
(97, 1, 'CINOLON CREAM', 18500, 75, 2, 73, ''),
(98, 1, 'CINOLON-N CREAM', 20500, 50, 6, 44, ''),
(99, 1, 'CINULA KAP', 6200, 300, 7, 293, ''),
(100, 1, 'CIPROFLOXACIN 500 TAB*', 500, 75, 34, 41, ''),
(101, 1, 'COLME 8MG DROP TM', 24000, 300, 33, 267, ''),
(102, 1, 'COLME 8MG DROP TT', 26500, 100, 50, 50, ''),
(103, 1, 'COMBANTRIN 125', 18300, 250, 43, 207, ''),
(104, 1, 'COMBANTRIN 250 ', 18900, 90, 21, 69, ''),
(105, 1, 'COMBANTRIN JERUK ', 22000, 60, 2, 58, ''),
(106, 1, 'COMBI KIDS', 19800, 50, 21, 29, ''),
(107, 1, 'COMBICEF INJ', 177000, 75, 22, 53, ''),
(108, 1, 'COMBIVENT NEBULES 100MCG', 13200, 50, 25, 25, ''),
(109, 1, 'COMBIVENT UDV', 100000, 300, 3, 297, ''),
(110, 1, 'COMTUSI FORTE KAP', 2500, 75, 21, 54, ''),
(111, 1, 'COMTUSI STRAWBERRY SYR', 42000, 90, 43, 47, ''),
(112, 1, 'COMTUSI SYR 100ML', 53750, 60, 21, 39, ''),
(113, 1, 'COMTUSI SYR 60ML', 39000, 50, 2, 48, ''),
(114, 1, 'CONTREXIN ', 21000, 400, 21, 379, ''),
(115, 1, 'CORTAMINE SYR', 36500, 300, 22, 278, ''),
(116, 1, 'CORTAMINE TAB', 2400, 100, 25, 75, ''),
(117, 1, 'CORTIDEX TAB', 300, 250, 3, 247, ''),
(118, 1, 'COSTIL 60 ML SYR', 35000, 75, 21, 54, ''),
(119, 1, 'COTRIMOKSAZOLE 60 ML SYR*', 5000, 100, 22, 78, ''),
(120, 1, 'COUNTERPAIN 120 GR', 128800, 250, 43, 207, ''),
(121, 1, 'COUNTERPAIN 30 GR', 46000, 80, 32, 48, ''),
(122, 1, 'COUNTERPAIN 5 GR', 10500, 80, 33, 47, ''),
(123, 1, 'COUNTERPAIN 60 GR ', 70000, 90, 40, 50, ''),
(124, 1, 'COUNTERPAIN COOL 15 GR ', 31200, 60, 41, 19, ''),
(125, 1, 'COUNTERPAIN COOL 30 GR ', 46000, 50, 47, 3, ''),
(126, 1, 'COUNTERPAIN COOL 60 GR ', 83400, 400, 48, 352, ''),
(127, 1, 'CRAVOX 500 MG TAB', 42500, 300, 36, 264, ''),
(128, 1, 'CTM 4 TAB*', 200, 100, 31, 69, ''),
(129, 1, 'CUPANOL SYR', 18900, 50, 24, 26, ''),
(130, 1, 'CURCUMA 200 TAB', 1000, 75, 27, 48, ''),
(131, 1, 'CURLIV PLUS TAB', 4700, 200, 29, 171, ''),
(132, 1, 'CURMUNOS SYR', 71500, 125, 41, 84, ''),
(133, 1, 'CURVIT 60 ML', 17700, 300, 44, 256, ''),
(134, 1, 'CURVIT CL 175ML SYR ', 55000, 75, 1, 74, ''),
(135, 1, 'DECOLGEN SYR 60 ', 12500, 400, 27, 373, ''),
(136, 1, 'DECOLGEN TAB', 2200, 60, 29, 31, ''),
(137, 1, 'DEHAF SACHET', 11500, 80, 41, 39, ''),
(138, 1, 'DEKSAMETASON 0,5 TAB*', 200, 70, 44, 26, ''),
(139, 1, 'DEKSAMETASON 5MG/ML INJ 1ML*', 3000, 90, 1, 89, ''),
(140, 1, 'DEKSTROMETORFAN 15 TAB*', 200, 200, 2, 198, ''),
(141, 1, 'DEKSTROMETORFAN SYR 10MG/5ML 60ML* ', 4500, 250, 6, 244, ''),
(142, 1, 'DEMACOLIN TAB', 300, 225, 7, 218, ''),
(143, 1, 'DERMAKEL CREAM', 138000, 70, 34, 36, ''),
(144, 1, 'DERMATIX ULTRA 15 GR', 315000, 500, 5, 495, ''),
(145, 1, 'DERMATIX ULTRA 5 GR ', 138000, 450, 6, 444, ''),
(146, 1, 'DERMATIX ULTRA 7 GR ', 185000, 400, 33, 367, ''),
(147, 1, 'DERMATIX ULTRA 9 GR ', 210000, 75, 21, 54, ''),
(148, 1, 'DERMAZIN KRIM 1% 25 GR', 34700, 50, 11, 39, ''),
(149, 1, 'DERMAZIN KRIM 1% 250 GR', 138000, 75, 16, 59, ''),
(150, 1, 'DERMAZIN KRIM 1% 50 GR', 60000, 200, 18, 182, ''),
(151, 1, 'DEXAMETASON HARSEN 0,75 MG', 250, 125, 21, 104, ''),
(152, 1, 'DEXTAFEN KAP', 1600, 300, 43, 257, ''),
(153, 1, 'DEXTAMINE TAB', 2500, 75, 32, 43, ''),
(154, 1, 'DEXTROSIN 120', 55000, 100, 33, 67, ''),
(155, 1, 'DEXTROSIN 60 ML ', 29500, 250, 1, 249, ''),
(156, 1, 'DOMETIC FDT', 3700, 500, 1, 499, ''),
(157, 1, 'DOMPERIDON SYR 60ML*', 15200, 450, 2, 448, ''),
(158, 1, 'DROXAL F SYR', 71500, 400, 6, 394, ''),
(159, 1, 'DROXAL SYR', 48200, 75, 7, 68, ''),
(160, 1, 'DROXAL TAB', 10500, 50, 34, 16, ''),
(161, 1, 'DULCOLAX 10 SUPPO*', 20000, 300, 5, 295, ''),
(162, 1, 'DULCOLAX 5 SUPPO*', 12950, 75, 6, 69, ''),
(163, 1, 'DULCOLAX 5 TAB', 1500, 100, 33, 67, ''),
(164, 1, 'DULCOLAX SUP 10 MG', 20000, 250, 21, 229, ''),
(165, 1, 'EPEXOL 30MG TAB', 1000, 300, 41, 259, ''),
(166, 1, 'EPEXOL SYR', 20000, 75, 47, 28, ''),
(167, 1, 'EPISAN SYR', 58000, 100, 48, 52, ''),
(168, 1, 'EPRINOC TAB', 4000, 250, 36, 214, ''),
(169, 1, 'ERAPHAGE 500 MG', 1300, 80, 31, 49, ''),
(170, 1, 'EREVIT CAPS', 34500, 80, 24, 56, ''),
(171, 1, 'ERGOTAMIN KOFEIN TAB*', 150, 90, 27, 63, ''),
(172, 1, 'ERYSANBE 200 MG', 1900, 60, 29, 31, ''),
(173, 1, 'ERYSANBE 500MG', 3100, 50, 41, 9, ''),
(174, 1, 'ERYSANBE SYR', 25000, 400, 44, 356, ''),
(175, 1, 'ERYTRIN SYR 60 ML', 36000, 300, 1, 299, ''),
(176, 1, 'ESCOVIT TAB', 9000, 400, 2, 398, ''),
(177, 1, 'FARSORBID 10 TAB', 200, 80, 41, 39, ''),
(178, 1, 'FARSORBID 5 TAB', 100, 375, 44, 331, ''),
(179, 1, 'FARTOLIN SYRUP', 48500, 350, 1, 349, ''),
(180, 1, 'FASIDOL DROP ', 18400, 400, 2, 398, ''),
(181, 1, 'FASIDOL SYRUP', 7000, 60, 6, 54, ''),
(182, 1, 'FASIDOL TABLET', 2750, 80, 7, 73, ''),
(183, 1, 'FASTALGIN', 38000, 70, 34, 36, ''),
(184, 1, 'FASTOR 10 MG', 17000, 90, 5, 85, ''),
(185, 1, 'FASTOR 20 MG', 21400, 200, 6, 194, ''),
(186, 1, 'FENRIS SYR 60 ML', 22000, 250, 33, 217, ''),
(187, 1, 'FEROFORT KAPLET', 1700, 225, 21, 204, ''),
(188, 1, 'FEROKID SYR', 42000, 70, 11, 59, ''),
(189, 1, 'FEROSPAT EFFERVECENT', 55000, 500, 33, 467, ''),
(190, 1, 'FOLLEY CATH 20', 29300, 50, 2, 48, ''),
(191, 1, 'FOLLEY CATH 22', 21600, 300, 6, 294, ''),
(192, 1, 'FOLLEY CATH 24', 25800, 75, 7, 68, ''),
(193, 1, 'FOLLEY CATH 24 TERUMO', 28400, 100, 34, 66, ''),
(194, 1, 'FOLLEY CATH 24 UROCARE', 11900, 250, 5, 245, ''),
(195, 1, 'FULADIC CREM 5 GR', 55000, 50, 16, 34, ''),
(196, 1, 'FUNGASOL 10 GR CREAM', 31000, 400, 18, 382, ''),
(197, 1, 'FUNGORAL TAB', 650, 300, 21, 279, ''),
(198, 1, 'FUROSEMID 40 TAB*', 150, 350, 43, 307, ''),
(199, 1, 'FUROSEMID INJ 10MG/ML 2ML*', 2250, 50, 32, 18, ''),
(200, 1, 'FUROSIX INJ 10MG/ML 2ML', 1600, 80, 33, 47, ''),
(201, 1, 'FUZIDE SYR', 42250, 375, 1, 374, ''),
(202, 1, 'GARAM ORALIT 100GR/SACH*', 400, 350, 2, 348, ''),
(203, 1, 'GLIFORMIN 850 TAB', 250, 75, 6, 69, ''),
(204, 1, 'GLIKUIDON 30 TAB*', 750, 100, 33, 67, ''),
(205, 1, 'GLIMEPIRIDE TAB 1 MG', 1100, 250, 21, 229, ''),
(206, 1, 'GLISERIL GUAIAKOLAT 100 TAB*', 50, 80, 40, 40, ''),
(207, 1, 'GLISODIN KAP', 5750, 80, 41, 39, ''),
(208, 1, 'GLOSTRUM SYR 60ML', 36300, 90, 47, 43, ''),
(209, 1, 'GLUCOBAY 100 TAB', 1800, 60, 48, 12, ''),
(210, 1, 'GLUCODEX 80 TAB', 450, 50, 36, 14, ''),
(211, 1, 'HALOPERIDOL 5 TAB*', 150, 300, 21, 279, ''),
(212, 1, 'HANDSCOEN', 8000, 350, 33, 317, ''),
(213, 1, 'HANSAPLAS ROL', 6000, 50, 50, 0, ''),
(214, 1, 'HANSAPLAS ROL KAIN', 4600, 75, 43, 32, ''),
(215, 1, 'HECOBAC 500', 31600, 75, 21, 54, ''),
(216, 1, 'HEMAFORT TAB', 600, 55, 2, 53, ''),
(217, 1, 'HEMOBION', 32000, 80, 21, 59, ''),
(218, 1, 'HEMOLOK FERACRYLUM 100ML', 65500, 375, 22, 353, ''),
(219, 1, 'HENDEL COTER/PENSIL SY', 207900, 350, 25, 325, ''),
(220, 1, 'HEPA MERZ', 46500, 400, 3, 397, ''),
(221, 1, 'HEPAMAX TAB', 7650, 60, 21, 39, ''),
(222, 1, 'HEPASIL TAB', 4000, 80, 43, 37, ''),
(223, 1, 'HEPATIN', 43000, 70, 21, 49, ''),
(224, 1, 'HEPATOSOL', 175000, 90, 2, 88, ''),
(225, 1, 'HEPATOSOL LOLA', 148000, 200, 21, 179, ''),
(226, 1, 'INTERZOL TAB', 6300, 80, 31, 49, ''),
(227, 1, 'INTIFEN', 2900, 80, 24, 56, ''),
(228, 1, 'INTRIZIN SYR', 63500, 90, 27, 63, ''),
(229, 1, 'INTRIZIN TAB', 5000, 60, 29, 31, ''),
(230, 1, 'INVICLOT INJ 5000 IU/ML 5ML*', 30600, 50, 41, 9, ''),
(231, 1, 'KOLIVIT SYR', 33000, 250, 11, 239, ''),
(232, 1, 'KOMIX ', 35000, 80, 16, 64, ''),
(233, 1, 'KOMIX HERBAL', 9000, 80, 18, 62, ''),
(234, 1, 'KOMIX HERBAL ORI PACK ', 50000, 90, 21, 69, ''),
(235, 1, 'KOMIX KID', 1100, 60, 43, 17, ''),
(236, 1, 'KONIDIN SYR', 13000, 50, 32, 18, ''),
(237, 1, 'KONIDIN SYR 30 ML', 8700, 75, 33, 42, ''),
(238, 1, 'KONIDIN TAB ', 2700, 50, 50, 0, ''),
(239, 1, 'KOTRIMOKSAZOL DWS TAB*', 250, 300, 43, 257, ''),
(240, 1, 'KOTRIMOKSAZOL SYR 60ML*', 5800, 75, 21, 54, ''),
(241, 1, 'KUTOIN 100 TAB', 300, 100, 2, 98, ''),
(242, 1, 'KUTOIN 100/2ML INJ', 98700, 250, 21, 229, ''),
(243, 1, 'LACIDOFIL ', 70200, 80, 22, 58, ''),
(244, 1, 'LACOLDIN', 27800, 80, 25, 55, ''),
(245, 1, 'LACOLDIN SYR', 30600, 90, 3, 87, ''),
(246, 1, 'LACTAFAR ', 90000, 60, 21, 39, ''),
(247, 1, 'LACTAFAR TAB', 5300, 50, 33, 17, ''),
(248, 1, 'LACTAMAM', 42000, 400, 50, 350, ''),
(249, 1, 'LACTAMED', 166900, 300, 43, 257, ''),
(250, 1, 'LACTAMOR 6 TAB', 2000, 100, 21, 79, ''),
(251, 1, 'LACTASIN', 2750, 250, 2, 248, ''),
(252, 1, 'LACTO-B', 5000, 90, 21, 69, ''),
(253, 1, 'LACTRIN TAB', 5300, 60, 22, 38, ''),
(254, 1, 'LAKTAFIT TAB', 3000, 50, 25, 25, ''),
(255, 1, 'LAMESON 16 MG', 9100, 75, 3, 72, ''),
(256, 1, 'LAMESON 4MG TAB', 3700, 50, 21, 29, ''),
(257, 1, 'LAMESON 8MG TAB', 5400, 300, 43, 257, ''),
(258, 1, 'LAMESON INJ', 101000, 75, 21, 54, ''),
(259, 1, 'LAMODEX 0,05 CREAM', 43000, 100, 2, 98, ''),
(260, 1, 'LAPICEF SYRUP 250 MG ', 118000, 100, 44, 56, ''),
(261, 1, 'LAPIFLOX 500 TAB', 15200, 250, 1, 249, ''),
(262, 1, 'LAPIMOX 500 MG', 3100, 75, 2, 73, ''),
(263, 1, 'LAPIXIME INJ', 151800, 100, 6, 94, ''),
(264, 1, 'LAPRAZ TAB', 14000, 250, 7, 243, ''),
(265, 1, 'LARYNGOSCOPE DEWASA', 6930000, 80, 34, 46, ''),
(266, 1, 'LASAL 2 MG', 1400, 80, 5, 75, ''),
(267, 1, 'LASAL EXP SYR', 42500, 90, 6, 84, ''),
(268, 1, 'LASGAN 30 MG', 15200, 60, 33, 27, ''),
(269, 1, 'LAXOBERON 7,5MG', 71000, 50, 21, 29, ''),
(270, 1, 'L-BIO SACHET', 5800, 400, 34, 366, ''),
(271, 1, 'LOSARTAN 50MG TAB', 5100, 400, 44, 356, ''),
(272, 1, 'LOTASBAT CREAM', 42000, 300, 1, 299, ''),
(273, 1, 'LOTREMIN 10 GR ', 42500, 350, 2, 348, ''),
(274, 1, 'LOTREMIN 5 GR ', 147500, 50, 6, 44, ''),
(275, 1, 'LOVATROL ', 9500, 75, 7, 68, ''),
(276, 1, 'LOVENOX INJ', 63600, 75, 34, 41, ''),
(277, 1, 'LOVESCO TAB', 34500, 55, 5, 50, ''),
(278, 1, 'MEDIXON 4 MG ', 3600, 70, 44, 26, ''),
(279, 1, 'MEDIXON 8 MG ', 5600, 500, 1, 499, ''),
(280, 1, 'MEFINAL 500MG TABLET', 1600, 450, 2, 448, ''),
(281, 1, 'MEFINTER 500MG', 1700, 400, 6, 394, ''),
(282, 1, 'MELOXICAM 15 SUPPO*', 9250, 75, 7, 68, ''),
(283, 1, 'MELOXICAM 15 TAB*', 2000, 50, 34, 16, ''),
(284, 1, 'MELOXICAM 7,5 TAB*', 1200, 300, 5, 295, ''),
(285, 1, 'MELOXIN 15 MG TAB', 9800, 75, 2, 73, ''),
(286, 1, 'MELOXIN 7,5 MG TAB', 5950, 100, 21, 79, ''),
(287, 1, 'MEMORAN 100 MG KAP', 7600, 250, 22, 228, ''),
(288, 1, 'MEPIRILID 1MG TAB', 1950, 80, 25, 55, ''),
(289, 1, 'MEPIRILID 2MG TAB', 3600, 80, 3, 77, ''),
(290, 1, 'MEPTIN 0,05 TAB', 3600, 90, 21, 69, ''),
(291, 1, 'MEPTIN MINI TAB', 2950, 60, 22, 38, ''),
(292, 1, 'MEPTIN SYR 60ML', 46400, 50, 43, 7, ''),
(293, 1, 'MEPTIN-AIR I.H 10MCG/PUFF', 83200, 400, 32, 368, ''),
(294, 1, 'MEROFEN 0,5G INJ', 201600, 300, 33, 267, ''),
(295, 1, 'MEROFEN 1G INJ', 554400, 350, 40, 310, ''),
(296, 1, 'MEROPENEM 1G INJ', 264000, 50, 41, 9, ''),
(297, 1, 'MERTIGO 6MG TAB', 3800, 80, 47, 33, ''),
(298, 1, 'MERTIGO SR', 5700, 375, 48, 327, ''),
(299, 1, 'MESH HERNIA', 712800, 350, 36, 314, ''),
(300, 1, 'MESH PROLINE', 693000, 400, 31, 369, ''),
(301, 1, 'MEXPHARM 15 TAB', 1000, 100, 29, 71, ''),
(302, 1, 'MEXPHARM 7,5 TAB', 950, 250, 41, 209, ''),
(303, 1, 'MEYLON INJ 8,4% 25ML', 9900, 80, 44, 36, ''),
(304, 1, 'MGSO4 20% INJ 20 ML*', 2200, 80, 1, 79, ''),
(305, 1, 'MGSO4 40% INJ 20 ML*', 2900, 90, 2, 88, ''),
(306, 1, 'MICARDIS 40MG TAB', 14300, 60, 6, 54, ''),
(307, 1, 'MICONAZOL KRIM 2% 10GR*', 4000, 50, 7, 43, ''),
(308, 1, 'MICROGEST 100 MG ', 17000, 400, 34, 366, ''),
(309, 1, 'MICROGEST 200 MG', 31000, 300, 5, 295, ''),
(310, 1, 'MICROPORE DISPENSER', 31250, 100, 6, 94, ''),
(311, 1, 'MIDAZOLAM HAMELN INJ', 18800, 250, 33, 217, ''),
(312, 1, 'MIDAZOLAM INJ', 21200, 80, 21, 59, ''),
(313, 1, 'MIKONAZOLE CREAM', 5000, 80, 40, 40, ''),
(314, 1, 'MIOZIDINE 35 MG', 4200, 90, 41, 49, ''),
(315, 1, 'MIRACOM 500MG KAPSUL', 5600, 60, 47, 13, ''),
(316, 1, 'MIRADENE 20MG KAPSUL', 2000, 50, 48, 2, ''),
(317, 1, 'MIRAPECT DROPS', 25100, 400, 36, 364, ''),
(318, 1, 'MIRAPECT TABLET', 950, 300, 31, 269, ''),
(319, 1, 'MIRATADIN SYR', 27500, 350, 24, 326, ''),
(320, 1, 'MOBIFLEX 15 MG', 10000, 50, 27, 23, ''),
(321, 1, 'MODALIM 100 CAP', 12500, 80, 29, 51, ''),
(322, 1, 'MOLACORT 0,5 TAB', 200, 375, 41, 334, ''),
(323, 1, 'MOLAZOL 500 TAB', 150, 350, 44, 306, ''),
(324, 1, 'MOSARDAL 500 KAPLET', 37850, 400, 1, 399, ''),
(325, 1, 'MYCORIN 15 GR ', 55000, 400, 3, 397, ''),
(326, 1, 'MYCORIN 5 GR ', 26000, 300, 21, 279, ''),
(327, 1, 'MYCOSTATIN OS 12ML', 54300, 350, 33, 317, ''),
(328, 1, 'MYOMERGIN INJ 0,200MG/ML 1ML*', 2000, 50, 50, 0, ''),
(329, 1, 'NACL 0,9% INF 500ML', 7000, 80, 43, 37, ''),
(330, 1, 'NACL 0,9% INF 500ML WIDA', 11800, 375, 21, 354, ''),
(331, 1, 'NAIRET 2,5 TAB', 1100, 350, 2, 348, ''),
(332, 1, 'NAIRET INJ 0,5MG/ML 1ML', 17200, 400, 21, 379, ''),
(333, 1, 'NAIRET SYR 1,5MG/5ML 60ML', 27500, 60, 22, 38, ''),
(334, 1, 'NASAFLAM 100 TAB', 4200, 80, 25, 55, ''),
(335, 1, 'NASAFLAM 50 TAB', 2500, 70, 3, 67, ''),
(336, 1, 'NASAL KANUL', 20000, 90, 21, 69, ''),
(337, 1, 'NASAL KANUL HOSPITEC', 17800, 200, 43, 157, ''),
(338, 1, 'NASAL O2', 30000, 400, 21, 379, ''),
(339, 1, 'NATO', 11500, 75, 2, 73, ''),
(340, 1, 'NATRIUM DIKLOFENAK 25 TAB', 150, 50, 21, 29, ''),
(341, 1, 'NATRIUM DIKLOFENAK 50 TAB', 300, 300, 22, 278, ''),
(342, 1, 'NATRIUM INJ', 24200, 75, 25, 50, ''),
(343, 1, 'NATTO-10 CAPSUL', 11500, 100, 3, 97, ''),
(344, 1, 'NAXOGIN 250 ', 100000, 250, 21, 229, ''),
(345, 1, 'NAXOGIN 500 ', 191400, 80, 22, 58, ''),
(346, 1, 'NAZOVEL 100 MG ', 162000, 80, 43, 37, ''),
(347, 1, 'NAZOVEL 50 MG ', 54600, 90, 32, 58, ''),
(348, 1, 'NAZOVEL INJ ', 116000, 60, 33, 27, ''),
(349, 1, 'NEBULIZER ADULT HOSPITEC', 67500, 50, 40, 10, ''),
(350, 1, 'NEBULIZER CHILD HOSPITEC', 75500, 75, 41, 34, ''),
(351, 1, 'NEBULIZER MASKER', 50000, 50, 47, 3, ''),
(352, 1, 'NECIBLOK 500MG TAB', 1900, 300, 48, 252, ''),
(353, 1, 'NEO DIAFORM TAB', 200, 75, 36, 39, ''),
(354, 1, 'NEO KAOLANA SYR', 13400, 100, 31, 69, ''),
(355, 1, 'NEO KAOMINAL SYR 60ML', 6000, 250, 24, 226, ''),
(356, 1, 'NEO MERCAZOLE', 900, 80, 27, 53, ''),
(357, 1, 'NEOBOOST CAPSUL', 128600, 80, 29, 51, ''),
(358, 1, 'NEOBOOST SYRUP ', 53900, 90, 41, 49, ''),
(359, 1, 'NEOCATE 400 GR ', 390000, 60, 44, 16, ''),
(360, 1, 'NEOFLON 26 G', 41250, 500, 1, 499, ''),
(361, 1, 'NEO-K 2MG/ML INJ', 13200, 450, 2, 448, ''),
(362, 1, 'NEPHROLIT KAPS', 750, 400, 6, 394, ''),
(363, 1, 'NERIPROS 1 MG ', 170330, 75, 7, 68, ''),
(364, 1, 'NERIPROS 2 MG ', 256410, 50, 34, 16, ''),
(365, 1, 'NERIPROS 3 MG ', 401000, 300, 5, 295, ''),
(366, 1, 'NERISONA COMBI 10 GR ', 144200, 75, 6, 69, ''),
(367, 1, 'NERISONA COMBI 5 GR', 74500, 100, 33, 67, ''),
(368, 1, 'NERISONA CREAM ', 108000, 250, 21, 229, ''),
(369, 1, 'NEUCITI 250 MG', 38000, 80, 34, 46, ''),
(370, 1, 'NEUROTAM 800 MG KAPSUL', 5000, 400, 43, 357, ''),
(371, 1, 'NEUROTAM INF', 222000, 300, 32, 268, ''),
(372, 1, 'NEUROTAM SYRUP ', 76500, 350, 33, 317, ''),
(373, 1, 'NEUROZATAM 1200 TAB', 4300, 50, 40, 10, ''),
(374, 1, 'NEUROZATAM 800 TAB', 3300, 80, 41, 39, ''),
(375, 1, 'NEVODIO 5 MG ', 183800, 375, 47, 328, ''),
(376, 1, 'NEVOX 500 ', 70200, 350, 48, 302, ''),
(377, 1, 'NEVOX 850 ', 102120, 400, 36, 364, ''),
(378, 1, 'NEVOX XR ', 89000, 300, 31, 269, ''),
(379, 1, 'NEVOX XR 500 MG TAB', 1600, 75, 24, 51, ''),
(380, 1, 'NEW DIATAB', 1000, 100, 27, 73, ''),
(381, 1, 'NEXIUM 20 ', 684755, 250, 29, 221, ''),
(382, 1, 'NEXIUM 40 ', 422000, 80, 41, 39, ''),
(383, 1, 'NEXIUM INJ', 155800, 80, 44, 36, ''),
(384, 1, 'NEXIUM TAB', 3800, 90, 1, 89, ''),
(385, 1, 'NGT 10', 26200, 60, 2, 58, ''),
(386, 1, 'NGT 12', 18000, 50, 6, 44, ''),
(387, 1, 'NGT 12 TERUMO', 26200, 75, 7, 68, ''),
(388, 1, 'NGT 14', 28750, 50, 34, 16, ''),
(389, 1, 'NGT 16 TERUMO', 26200, 300, 5, 295, ''),
(390, 1, 'NGT 18', 23800, 75, 6, 69, ''),
(391, 1, 'NGT 3,5', 28400, 100, 33, 67, ''),
(392, 1, 'NGT 5', 20200, 250, 21, 229, ''),
(393, 1, 'NGT 5 TERUMO', 26200, 80, 11, 69, ''),
(394, 1, 'NGT 6', 15600, 400, 33, 367, ''),
(395, 1, 'NGT 8', 15600, 300, 40, 260, ''),
(396, 1, 'NGT 8 TERUMO', 20200, 350, 41, 309, ''),
(397, 1, 'NGT3,5 TERUMO (ASKES)', 20200, 50, 47, 3, ''),
(398, 1, 'NICHOLIN 100 MG ', 123900, 80, 48, 32, ''),
(399, 1, 'NICHOLIN 250 MG ', 257700, 375, 36, 339, ''),
(400, 1, 'NIFEDIN ', 78500, 350, 31, 319, ''),
(401, 1, 'NIFEDIPIN 10 TAB*', 200, 400, 24, 376, ''),
(402, 1, 'NINDIA DROPS', 43000, 300, 27, 273, ''),
(403, 1, 'NOOTHROPIL 400 ', 270400, 75, 2, 73, ''),
(404, 1, 'NOOTHROPIL 800 ', 282700, 75, 6, 69, ''),
(405, 1, 'NOPERTEN 10 ', 48000, 55, 7, 48, ''),
(406, 1, 'NOPERTEN 10 TAB', 1200, 80, 34, 46, ''),
(407, 1, 'NOPERTEN 10MG TAB', 1200, 375, 5, 370, ''),
(408, 1, 'NOPERTEN 5 MG ', 109000, 350, 6, 344, ''),
(409, 1, 'NOPERTEN 5 TAB', 750, 400, 33, 367, ''),
(410, 1, 'NOPERTEN 5MG TAB', 750, 60, 21, 39, ''),
(411, 1, 'NOPRIL 10 TAB', 1350, 80, 11, 69, ''),
(412, 1, 'NORELUT 5 TAB', 4350, 70, 33, 37, ''),
(413, 1, 'NORESTIL TAB', 4900, 90, 40, 50, ''),
(414, 1, 'NORFLAM KAPSUL', 2900, 200, 41, 159, ''),
(415, 1, 'NORIT TAB', 200, 250, 47, 203, ''),
(416, 1, 'NORMOTEN 10 TAB', 10600, 225, 48, 177, ''),
(417, 1, 'NORMOTEN 5 TAB', 5600, 70, 36, 34, ''),
(418, 1, 'NOROS KAPSUL', 4750, 500, 31, 469, ''),
(419, 1, 'NORVASK 5 TAB', 3200, 450, 24, 426, ''),
(420, 1, 'NOVAMET INF 5MG/ML 100ML', 18900, 400, 27, 373, ''),
(421, 1, 'NOVAX 500MG KAP', 3000, 75, 29, 46, ''),
(422, 1, 'NOVOMIX FLEXPEN', 140400, 50, 41, 9, ''),
(423, 1, 'NOVORAPID FLEXPEN', 183000, 75, 44, 31, ''),
(424, 1, 'NRM', 90000, 200, 1, 199, ''),
(425, 1, 'NRM HOSPITEC', 49500, 125, 2, 123, ''),
(426, 1, 'NUCEF TAB', 20700, 300, 6, 294, ''),
(427, 1, 'NUCOLINE INJ', 34900, 75, 7, 68, ''),
(428, 1, 'OLMETEC 40 MG ', 668000, 300, 6, 294, ''),
(429, 1, 'OLMETEC PLUS 20 MG ', 471000, 350, 7, 343, ''),
(430, 1, 'OMEPRAZOLE', 14200, 50, 34, 16, ''),
(431, 1, 'OMEPRAZOLE 20 TAB*', 600, 80, 5, 75, ''),
(432, 1, 'OMEPRAZOLE INJ*', 89800, 375, 6, 369, ''),
(433, 1, 'ONDANE 4 INJ', 26400, 350, 33, 317, ''),
(434, 1, 'ONDANE 8 INJ', 39600, 400, 21, 379, ''),
(435, 1, 'ONDANSETRON 4MG/2ML INJ*', 7300, 60, 40, 20, ''),
(436, 1, 'ONDANSETRON 8MG/4ML INJ*', 9600, 80, 41, 39, ''),
(437, 1, 'ONDANSETRON TAB*', 6600, 70, 47, 23, ''),
(438, 1, 'ONETIC 4 INJ', 26400, 90, 48, 42, ''),
(439, 1, 'ONETIC 4MG TAB', 15200, 200, 36, 164, ''),
(440, 1, 'ONETIC 8 INJ', 33000, 400, 31, 369, ''),
(441, 1, 'ONETIC 8 MG TAB', 17900, 75, 24, 51, ''),
(442, 1, 'OPICEF 500MG KAP', 11000, 50, 27, 23, ''),
(443, 1, 'OPICEF FORTE SYR', 75650, 300, 29, 271, ''),
(444, 1, 'OPICEF SYR 125 MG', 48500, 75, 41, 34, ''),
(445, 1, 'OPICLAM 150 CAPSUL', 4150, 100, 44, 56, ''),
(446, 1, 'OPIDIAR SYR', 17500, 250, 1, 249, ''),
(447, 1, 'OPIGRAN 1GR INJ', 55000, 80, 2, 78, ''),
(448, 1, 'OPIGRAN 3GR INJ', 118800, 80, 6, 74, ''),
(449, 1, 'OPILAX 120 ML', 89300, 90, 7, 83, ''),
(450, 1, 'OPILAX 60 ML ', 70200, 60, 34, 26, ''),
(451, 1, 'OPILAX SYR 120 ML', 66000, 50, 5, 45, ''),
(452, 1, 'OPILAX SYR 60 ML', 45500, 400, 6, 394, ''),
(453, 1, 'OPIMOX 500MG KAP', 3100, 300, 33, 267, ''),
(454, 1, 'OPIMOX FORTE SYRUP ', 40800, 400, 21, 379, ''),
(455, 1, 'OPIMOX INJ', 23800, 60, 11, 49, ''),
(456, 1, 'OSTARIN 200 MG', 700, 200, 40, 160, ''),
(457, 1, 'OSTARIN 400 MG', 850, 250, 41, 209, ''),
(458, 1, 'OSTARIN FORTE SYR', 23000, 225, 47, 178, ''),
(459, 1, 'OSTARIN SYR', 18000, 70, 48, 22, ''),
(460, 1, 'OSTELOX 15MG TAB', 10600, 500, 36, 464, ''),
(461, 1, 'OSTELOX 7,5 TAB', 5900, 450, 31, 419, ''),
(462, 1, 'OSTEOCAL 1600 TAB', 500, 400, 24, 376, ''),
(463, 1, 'OSTEOKOM CREAM', 189000, 75, 27, 48, ''),
(464, 1, 'OSTEOKOM FORTE', 17500, 50, 29, 21, ''),
(465, 1, 'OSTEOR PLUS TAB', 7600, 300, 41, 259, ''),
(466, 1, 'OSTRID 400 TAB', 16500, 75, 44, 31, ''),
(467, 1, 'OSTRID TAB', 9700, 100, 1, 99, ''),
(468, 1, 'OSVION PLUS', 6500, 250, 2, 248, ''),
(469, 1, 'OTOPAIN 8MG DROP TT', 42500, 80, 6, 74, ''),
(470, 1, 'OTSUTRAN 70 INF 6% 500ML', 57950, 80, 7, 73, ''),
(471, 1, 'OTTOGENTA INJ', 10600, 90, 34, 56, ''),
(472, 1, 'OTTOGENTA KRIM', 11000, 60, 5, 55, ''),
(473, 1, 'OTTOPAN DROPS', 25000, 50, 6, 44, ''),
(474, 1, 'OTTOPAN SYR', 16000, 400, 33, 367, ''),
(475, 1, 'OTTOPAN TAB', 150, 300, 21, 279, ''),
(476, 1, 'OTTOPRIM SUSP 60ML', 3650, 350, 34, 316, ''),
(477, 1, 'OTTOPRIM TAB', 200, 50, 5, 45, ''),
(478, 1, 'OTTOZOL INJ', 165000, 80, 6, 74, ''),
(479, 1, 'OXCAL TAB', 3200, 375, 33, 342, ''),
(480, 1, 'OXCAM 15MG', 7600, 350, 21, 329, ''),
(481, 1, 'OXYBIOTIC 50MG/ML INJ 10ML', 4800, 400, 40, 360, ''),
(482, 1, 'OXYFLOW ADULT OXY NASAL', 15850, 60, 41, 19, ''),
(483, 1, 'OXYTETRACYCLIN SK', 2050, 80, 47, 33, ''),
(484, 1, 'OXYZONE KRIM 0,25% 15GR', 13200, 70, 48, 22, ''),
(485, 1, 'PAMOL 125 SUPP', 9100, 90, 36, 54, ''),
(486, 1, 'PAMOL DROP', 25000, 200, 31, 169, ''),
(487, 1, 'PAMOL SYR 60 ML', 17000, 400, 24, 376, ''),
(488, 1, 'PAMOL TAB', 500, 75, 27, 48, ''),
(489, 1, 'PAN AMIN G INF 500ML', 24400, 50, 29, 21, ''),
(490, 1, 'PANADOL ', 6200, 300, 41, 259, ''),
(491, 1, 'PANADOL 6+ SYRUP ', 54200, 75, 44, 31, ''),
(492, 1, 'PANADOL ANAK ', 15000, 100, 1, 99, ''),
(493, 1, 'PANADOL COLD DAN FLU ', 125000, 250, 2, 248, ''),
(494, 1, 'PANADOL DROP ', 51400, 80, 6, 74, ''),
(495, 1, 'PANADOL DROP 15ML', 24250, 80, 7, 73, ''),
(496, 1, 'PANADOL EXTRA ', 11500, 90, 34, 56, ''),
(497, 1, 'PANADOL SYRUP ', 52500, 60, 5, 55, ''),
(498, 1, 'PANADOL SYRUP 30 ML ', 28800, 50, 6, 44, ''),
(499, 1, 'PANSO 40MG INJ', 148500, 75, 33, 42, ''),
(500, 1, 'PANTOPUMP INJ', 137500, 50, 21, 29, ''),
(501, 1, 'PARAMEX ', 2000, 300, 11, 289, ''),
(502, 1, 'PARAMEX FLU DAN BATUK ', 2800, 75, 16, 59, ''),
(503, 1, 'PARAMEX NYERI OTOT ', 2200, 100, 6, 94, ''),
(504, 1, 'PARASETAMOL 120/5ML SYR 60ML*', 3000, 250, 33, 217, ''),
(505, 1, 'PARASETAMOL 500 TAB*', 200, 80, 21, 59, ''),
(506, 1, 'PECTUM SYR', 32000, 80, 3, 77, ''),
(507, 1, 'PEDIALYTE SOL', 15000, 90, 21, 69, ''),
(508, 1, 'PEHACAIN INJ', 3750, 60, 43, 17, ''),
(509, 1, 'PELASTIN 1G INJ', 264000, 50, 21, 29, ''),
(510, 1, 'PEN NEEDLE', 2500, 400, 2, 398, ''),
(511, 1, 'PENBIOTIC INJ 1000MG/VIAL ', 6600, 300, 21, 279, ''),
(512, 1, 'PIRABRAIN TAB 1200 MG', 4750, 80, 6, 74, ''),
(513, 1, 'PIRACETAM 1000', 150000, 90, 7, 83, ''),
(514, 1, 'PLAVOS', 11000, 300, 33, 267, ''),
(515, 1, 'PRALAX SYR', 50200, 80, 47, 33, ''),
(516, 1, 'PRATROPIL 200MG/ML INJ 5ML', 13200, 80, 48, 32, ''),
(517, 1, 'PRATROPIL INF', 171600, 90, 36, 54, ''),
(518, 1, 'PRATROPIL KAPSUL', 1850, 60, 31, 29, ''),
(519, 1, 'PRATROPIL SYR', 36000, 50, 24, 26, ''),
(520, 1, 'PRAZOTEC KAP', 13500, 75, 27, 48, ''),
(521, 1, 'PREDNICORT 4 MG TAB', 3100, 50, 29, 21, ''),
(522, 1, 'PREDNISON 5 TAB*', 50, 300, 41, 259, ''),
(523, 1, 'PREGNOLIN 5MG TAB', 4000, 75, 44, 31, ''),
(524, 1, 'PREGTENOL 5 MG', 4000, 100, 1, 99, ''),
(525, 1, 'PREGVOMIT KAP', 2800, 250, 2, 248, ''),
(526, 1, 'PREMASTON 5MG TAB', 4800, 80, 6, 74, ''),
(527, 1, 'PROLIC 300 CAPS', 8600, 75, 21, 54, ''),
(528, 1, 'PROLINE 3/0', 127150, 50, 11, 39, ''),
(529, 1, 'PROMAG', 28900, 300, 33, 267, ''),
(530, 1, 'PROMAG DOUBLE ACTION', 60500, 75, 21, 54, ''),
(531, 1, 'PROMAVIT', 69000, 90, 11, 79, ''),
(532, 1, 'PROMAVIT KAP', 2200, 60, 16, 44, ''),
(533, 1, 'PROME EXPECTERON 60 ML SYR', 19000, 50, 18, 32, ''),
(534, 1, 'PROMEDEX SYR 60 ML', 18500, 400, 21, 379, ''),
(535, 1, 'PROMEDEX TAB', 750, 300, 43, 257, ''),
(536, 1, 'PROXIME TAB', 1200, 100, 24, 76, ''),
(537, 1, 'SANMOL SYR', 13000, 50, 33, 17, ''),
(538, 1, 'TRIOFUSIN 500 INF 500ML', 57600, 250, 40, 210, ''),
(539, 1, 'TRIPENEM 0.5GR INJ', 261400, 80, 41, 39, ''),
(540, 1, 'TROGYL INFUS', 89500, 80, 47, 33, ''),
(541, 1, 'TROGYL SYR', 51000, 90, 48, 42, ''),
(542, 1, 'TROGYL TAB', 3000, 60, 36, 24, ''),
(543, 1, 'TROLIT SACHET', 9900, 50, 31, 19, ''),
(544, 1, 'TROMBOPHOP GEL CREAM', 63000, 400, 24, 376, ''),
(545, 1, 'TROPIFER', 30000, 300, 27, 273, ''),
(546, 1, 'TROVENSIS 4 MG', 13750, 100, 29, 71, ''),
(547, 1, 'TROVENSIS 4ML INJ', 37250, 250, 41, 209, ''),
(548, 1, 'TROVENSIS 8 MG TAB', 19500, 80, 44, 36, ''),
(549, 1, 'TROVENSIS 8 ML INJ', 74450, 80, 1, 79, ''),
(550, 1, 'TRUVAZ 10 MG', 14550, 90, 2, 88, ''),
(551, 1, 'TRUVAZ 20 MG', 14550, 60, 6, 54, ''),
(552, 1, 'URIXIN', 1086000, 90, 16, 74, ''),
(553, 1, 'UROGRAFIN 76%', 73800, 60, 18, 42, ''),
(554, 1, 'UROTRACTIN', 55700, 50, 21, 29, ''),
(555, 1, 'UROTRACTIN TAB', 3700, 75, 43, 32, ''),
(556, 1, 'URSODEOXYCHOLIC ACID', 120000, 50, 32, 18, ''),
(557, 1, 'VOSEDON SUSPENSI', 33000, 250, 31, 219, ''),
(558, 1, 'VOSEDON TABLET', 2700, 90, 24, 66, ''),
(559, 1, 'WACOPA', 755000, 60, 27, 33, ''),
(560, 1, 'WASIRIN', 1280000, 50, 29, 21, ''),
(561, 1, 'WELLNESS OMEGA-3 FISH OIL', 124000, 75, 41, 34, ''),
(562, 1, 'WELMOVE', 20000, 50, 44, 6, ''),
(563, 1, 'ZINONE', 72000, 75, 33, 42, ''),
(564, 1, 'ZIN-PRO SYR', 33000, 100, 21, 79, ''),
(565, 1, 'ZISTIC 250', 226000, 250, 11, 239, ''),
(566, 1, 'ZISTIC 500', 400000, 80, 33, 47, ''),
(567, 1, 'ZOLESCO', 15800, 80, 41, 39, ''),
(568, 1, 'ZYLORIC 100', 45000, 90, 44, 46, ''),
(569, 1, 'ZYLORIC 300', 125500, 60, 1, 59, ''),
(570, 2, 'ABBOTIC 250', 322500, 100, 76, 24, ''),
(571, 2, 'ABBOTIC XL 500', 60000, 125, 80, 45, ''),
(572, 2, 'ABILIFY 10 MG', 310000, 500, 88, 412, ''),
(573, 2, 'ABILIFY 15 MG', 325000, 400, 56, 344, ''),
(574, 2, 'ABIXIM 100 MG', 1500, 300, 98, 202, ''),
(575, 2, 'ABIXIM 200 MG ', 3000, 320, 32, 288, ''),
(576, 2, 'ACILAZ 30 MG KAPSUL', 15200, 390, 7, 383, ''),
(577, 2, 'ACITRAL ', 12000, 150, 5, 145, ''),
(578, 2, 'BLECIDEX EYE/EAR DROP', 42200, 500, 66, 434, ''),
(579, 2, 'BODREX EXTRA', 90000, 400, 3, 397, ''),
(580, 2, 'BODREX EXTRA STRIP', 4000, 300, 8, 292, ''),
(581, 2, 'BODREX FB BERDAHAK SYRUP', 12600, 320, 90, 230, ''),
(582, 2, 'BODREX FB TIDAK BERDAHAK SYRUP', 12600, 390, 65, 325, ''),
(583, 2, 'BODREX FLU BATUK BERDAHAK', 2100, 150, 74, 76, ''),
(584, 2, 'BODREX FLU DAN BATUK BIRU', 20000, 320, 34, 286, ''),
(585, 2, 'BODREX HERBAL SAKIT KEPALA', 12000, 500, 27, 473, ''),
(586, 2, 'BODREX MIGRA', 2300, 400, 48, 352, ''),
(587, 2, 'BODREXIN ', 5500, 300, 88, 212, ''),
(588, 2, 'BODREXIN DEMAM SYRUP', 12500, 320, 37, 283, ''),
(589, 2, 'BODREXIN DEMAM SYRUP 30 ML ', 8000, 390, 77, 313, ''),
(590, 2, 'BODREXIN FLU DAN BATUK SYR 56', 10000, 150, 89, 61, ''),
(591, 2, 'BODREXIN PILEK ALERGI', 11600, 450, 92, 358, ''),
(592, 2, 'BORAGINOL S CREAM', 69000, 200, 93, 107, ''),
(593, 2, 'BRALIFEX EYE DROP', 54000, 175, 44, 131, ''),
(594, 2, 'BRAXIDIN TAB', 900, 100, 56, 44, ''),
(595, 2, 'BRAZINE KAPLET', 1650, 120, 47, 73, ''),
(596, 2, 'BUFACOMB KRIM', 16000, 140, 75, 65, ''),
(597, 2, 'BUFECT 60ML SYR', 16500, 180, 48, 132, ''),
(598, 2, 'BUFECT FORTE SYR', 23000, 360, 57, 303, ''),
(599, 2, 'BURNAZIN KRIM 1% 35GR', 53000, 280, 43, 237, ''),
(600, 2, 'CAL-95', 4900, 220, 3, 217, ''),
(601, 2, 'CALADIN AHA', 21000, 175, 8, 167, ''),
(602, 2, 'CALADIN LOT 60 ML ', 14000, 150, 43, 107, ''),
(603, 2, 'CARDIVASK 10 MG', 11500, 200, 39, 161, ''),
(604, 2, 'CARDIVASK 5 MG', 6500, 175, 90, 85, ''),
(605, 2, 'CARMESON 16MG', 5300, 100, 32, 68, ''),
(606, 2, 'CARMESON 4MG', 1950, 120, 45, 75, ''),
(607, 2, 'CENDO XITROL', 33000, 300, 48, 252, ''),
(608, 2, 'CERINI', 5000, 150, 57, 93, ''),
(609, 2, 'CERINI DROP', 93800, 140, 43, 97, ''),
(610, 2, 'CERINI SYR', 59000, 120, 3, 117, ''),
(611, 2, 'CERINI TAB', 3800, 100, 8, 92, ''),
(612, 2, 'CETINAL TAB', 5750, 125, 43, 82, ''),
(613, 2, 'CLABAT 500 MG CAP', 14500, 220, 54, 166, ''),
(614, 2, 'CLABAT DRY SYR 60 ML', 69000, 175, 58, 117, ''),
(615, 2, 'CLABAT FORTE SYR', 100000, 150, 39, 111, ''),
(616, 2, 'CLAMIXIN', 21200, 125, 90, 35, ''),
(617, 2, 'CLAMIXIN SYR', 62000, 425, 32, 393, ''),
(618, 2, 'DISMENO', 3500, 150, 18, 132, ''),
(619, 2, 'DISOLP 490 MG', 8800, 140, 23, 117, ''),
(620, 2, 'DOGMATIL', 4200, 120, 45, 75, ''),
(621, 2, 'DOKSISIKLIN 100 TAB*', 300, 150, 32, 118, ''),
(622, 2, 'DOMETIC 60 ML SYR', 36000, 125, 56, 69, ''),
(623, 2, 'DOMETIC FDT', 3700, 425, 78, 347, ''),
(624, 2, 'DOMPERIDON SYR 60ML*', 15200, 220, 40, 180, ''),
(625, 2, 'DROXAL F SYR', 71500, 260, 30, 230, ''),
(626, 2, 'DROXAL SYR', 48200, 240, 67, 173, ''),
(627, 2, 'DROXAL TAB', 10500, 290, 65, 225, ''),
(628, 2, 'DULCOLAX 10 SUPPO*', 20000, 270, 54, 216, ''),
(629, 2, 'DULCOLAX 5 SUPPO*', 12950, 300, 58, 242, ''),
(630, 2, 'DULCOLAX 5 TAB', 1500, 150, 39, 111, ''),
(631, 2, 'DULCOLAX SUP 10 MG', 20000, 140, 90, 50, ''),
(632, 2, 'DULCOLAX SUP 5 MG ', 17500, 120, 32, 88, ''),
(633, 2, 'ECLID 100', 3700, 100, 45, 55, ''),
(634, 2, 'ECLID 50', 2000, 125, 47, 78, ''),
(635, 2, 'ETABION ', 3500, 220, 43, 177, ''),
(636, 2, 'ETASON INJ', 7600, 175, 76, 99, ''),
(637, 2, 'FARMAVON', 60000, 175, 45, 130, ''),
(638, 2, 'FARMAVON SYRUP', 16600, 100, 47, 53, ''),
(639, 2, 'FARNORMIN 50 TAB', 550, 120, 32, 88, ''),
(640, 2, 'FARPAIN 3% INJ', 34350, 140, 66, 74, ''),
(641, 2, 'FARPAIN TAB', 5300, 180, 3, 177, ''),
(642, 2, 'FARSIX 40 MG TAB', 1300, 360, 8, 352, ''),
(643, 2, 'FOLLEY CATH 3 WAY 24', 90000, 150, 8, 142, ''),
(644, 2, 'FOLLEY CATH 6', 45000, 125, 90, 35, ''),
(645, 2, 'FOLLEY CATH 8', 89800, 425, 65, 360, ''),
(646, 2, 'FORASMA 2,5MG TAB', 1000, 220, 74, 146, ''),
(647, 2, 'FORASMA SYR', 32000, 260, 34, 226, ''),
(648, 2, 'FORBETES 500MG TABLET', 1050, 240, 27, 213, ''),
(649, 2, 'FORCANOX 100 MG TAB', 24500, 290, 48, 242, ''),
(650, 2, 'FORELAX INJ', 85800, 270, 88, 182, ''),
(651, 2, 'FORMALIN CAIR 1 L', 52800, 300, 37, 263, ''),
(652, 2, 'FORMOM TAB', 2100, 150, 77, 73, ''),
(653, 2, 'FORMUNO KAP', 7200, 140, 89, 51, ''),
(654, 2, 'FORMYCO CREAM', 20500, 120, 92, 28, ''),
(655, 2, 'FORMYCO TAB', 5700, 150, 93, 57, ''),
(656, 2, 'FORNEURO KAP', 6500, 125, 44, 81, ''),
(657, 2, 'FORTANES 15MG/3ML INJ 3ML', 17400, 425, 56, 369, ''),
(658, 2, 'FORTANES 5MG/ML INJ 1ML', 7700, 220, 47, 173, ''),
(659, 2, 'FORTEN 50 TAB', 200, 260, 75, 185, ''),
(660, 2, 'FORUMEN T.T. 10ML', 29500, 240, 48, 192, ''),
(661, 2, 'FOSEN SYR', 81850, 150, 57, 93, ''),
(662, 2, 'FOSRENOL 500 MG', 24750, 450, 43, 407, ''),
(663, 2, 'FUCOIDAN 100 SYR', 99000, 200, 3, 197, ''),
(664, 2, 'FUCOIDAN 100MG KAP', 14500, 175, 8, 167, ''),
(665, 2, 'FUCOTRAP', 10500, 100, 43, 57, ''),
(666, 2, 'FUCOTRAP 100 MG', 14500, 120, 76, 44, ''),
(667, 2, 'FUDAN 100 KAP', 2250, 140, 80, 60, ''),
(668, 2, 'GEMFIBROZIL 300 TAB*', 500, 125, 39, 86, ''),
(669, 2, 'GEMFIBROZIL 600 TAB*', 1700, 500, 90, 410, ''),
(670, 2, 'GENOLON KRIM', 38000, 400, 32, 368, ''),
(671, 2, 'GENTAMISIN 0,1% SK*', 3000, 300, 45, 255, ''),
(672, 2, 'GENTAMYCIN 40MG/ML INJ 2ML*', 3500, 320, 47, 273, ''),
(673, 2, 'GENTAMYCIN SALEP MATA*', 37000, 390, 32, 358, ''),
(674, 2, 'GENTIAN VIOLET LARUTAN 1% 10ML', 3600, 150, 66, 84, ''),
(675, 2, 'GERDILIUM DROP', 37500, 450, 3, 447, ''),
(676, 2, 'GUNTING OPERASI 14CM', 46200, 400, 3, 397, ''),
(677, 2, 'GYPSONA 10CM', 46000, 300, 8, 292, ''),
(678, 2, 'GYPSONA 15CM', 60000, 320, 43, 277, ''),
(679, 2, 'GYPSONA 3\"', 35700, 390, 76, 314, ''),
(680, 2, 'GYPSONA 6CM', 59400, 150, 80, 70, ''),
(681, 2, 'GYPSONA 7,5CM', 39600, 320, 88, 232, ''),
(682, 2, 'HAEMACCEL INF', 211200, 500, 56, 444, ''),
(683, 2, 'HALOPERIDOL 0,5 TAB*', 100, 400, 98, 302, ''),
(684, 2, 'HALOPERIDOL 1,5 TAB*', 100, 300, 32, 268, ''),
(685, 2, 'HALOPERIDOL 5 TAB*', 150, 320, 7, 313, ''),
(686, 2, 'HIDROKLOROTIAZID 25 TAB', 50, 500, 80, 420, ''),
(687, 2, 'HIDROKORTISON KRIM 2,5% 5GR*', 4000, 400, 88, 312, ''),
(688, 2, 'HIPOFIL 300MG', 2300, 300, 56, 244, ''),
(689, 2, 'HISLOREX', 41800, 320, 98, 222, ''),
(690, 2, 'HISTAPAN 50MG TAB', 650, 390, 32, 358, ''),
(691, 2, 'HOT IN CREAM', 5000, 150, 7, 143, ''),
(692, 2, 'HUMAN ALBUMIN INJ 20% 100ML', 1848000, 450, 5, 445, ''),
(693, 2, 'HUSTADIN SYR', 21000, 200, 18, 182, ''),
(694, 2, 'HYALGAN 2 ML', 637000, 175, 23, 152, ''),
(695, 2, 'HYDROCORTISONE 2.5 %', 4000, 100, 45, 55, ''),
(696, 2, 'HYPAFIX 10CM/M', 26000, 120, 32, 88, ''),
(697, 2, 'HYPAFIX 15CM/M', 35000, 140, 56, 84, ''),
(698, 2, 'HYPAFIX 20CM/M', 39200, 180, 78, 102, ''),
(699, 2, 'HYPAFIX 5CM/M', 14000, 360, 40, 320, ''),
(700, 2, 'HYPERCOL 100', 4600, 280, 30, 250, ''),
(701, 2, 'HYPERCOL 300', 12800, 220, 67, 153, ''),
(702, 2, 'HYSTOLAN 20 TAB', 5700, 175, 65, 110, ''),
(703, 2, 'HYTRIN 1 MG', 9400, 150, 54, 96, ''),
(704, 2, 'HYTRIN 2 MG', 6400, 125, 58, 67, ''),
(705, 2, 'IBUPROFEN 200 TAB*', 100, 425, 39, 386, ''),
(706, 2, 'IBUPROFEN 400 TAB*', 200, 220, 90, 130, ''),
(707, 2, 'IBUPROFEN SYR*', 6000, 260, 32, 228, ''),
(708, 2, 'ICLOVAR KAPLET', 16500, 240, 45, 195, ''),
(709, 2, 'IMBOOST FORCE TAB', 6900, 290, 47, 243, ''),
(710, 2, 'IMBOOST SYR 60ML', 53000, 270, 32, 238, ''),
(711, 2, 'INTERHISTIN 50 TAB', 800, 150, 32, 118, ''),
(712, 2, 'INTERHISTIN SYR 60ML', 26000, 140, 45, 95, ''),
(713, 2, 'INTERMIC 500 INJ', 8600, 120, 47, 73, ''),
(714, 2, 'INTERMOXIL 500 MG TAB', 3700, 150, 32, 118, ''),
(715, 2, 'INTERMOXIL FORTE SYR', 33000, 125, 66, 59, ''),
(716, 2, 'INTERMOXIL INJ', 26200, 100, 3, 97, ''),
(717, 2, 'INTERMOXIL SYR', 26000, 125, 8, 117, ''),
(718, 2, 'INTERPEC 30MG TAB', 1300, 500, 44, 456, ''),
(719, 2, 'INTERPRIL 10 TAB', 5200, 400, 56, 344, ''),
(720, 2, 'KADIFLAM 50', 4200, 400, 56, 344, ''),
(721, 2, 'KAEN 3A INF', 12300, 300, 98, 202, ''),
(722, 2, 'KAEN 3B INF', 10200, 320, 32, 288, ''),
(723, 2, 'KA-EN 4B', 17100, 390, 7, 383, ''),
(724, 2, 'KAFLAM 25', 2500, 150, 5, 145, ''),
(725, 2, 'KAFLAM 50 ', 4700, 450, 18, 432, ''),
(726, 2, 'KAKAK TUA', 15000, 200, 23, 177, ''),
(727, 2, 'KALBAMIN INF 500ML', 60600, 175, 45, 130, ''),
(728, 2, 'KALFOXIM 1MG INJ', 146600, 100, 32, 68, ''),
(729, 2, 'KALIUM DIKLOFENAK 50 MG TAB*', 850, 120, 56, 64, ''),
(730, 2, 'KALIUM PERMANGANAT SERB 5GR', 3600, 140, 78, 62, ''),
(731, 2, 'KALMECO INJ 500HCG/ML', 22000, 180, 40, 140, ''),
(732, 2, 'KALMECO KAP', 2350, 360, 30, 330, ''),
(733, 2, 'KALMETHASONE 4MG/ML INJ 1ML', 3200, 280, 67, 213, ''),
(734, 2, 'KALMETHASONE TAB', 200, 220, 65, 155, ''),
(735, 2, 'KALMOXILIN 500 TAB', 2300, 175, 54, 121, ''),
(736, 2, 'KALMOXILIN INJ', 29100, 150, 58, 92, ''),
(737, 2, 'KALMOXILLIN 125 D.S', 21700, 125, 39, 86, ''),
(738, 2, 'KALMOXILLIN 250', 2000, 425, 90, 335, ''),
(739, 2, 'KALMOXILLIN 250 MG SYRUP ', 55000, 220, 32, 188, ''),
(740, 2, 'KALMOXILLIN 500', 3600, 260, 45, 215, ''),
(741, 2, 'KETOCID KAPLET', 8200, 450, 98, 352, ''),
(742, 2, 'KOLIVIT SYR', 33000, 360, 34, 326, ''),
(743, 2, 'LACTO-B', 5000, 320, 88, 232, ''),
(744, 2, 'LACTRIN TAB', 5300, 390, 56, 334, ''),
(745, 2, 'LAKTAFIT TAB', 3000, 150, 98, 52, ''),
(746, 2, 'LAMESON 16 MG', 9100, 450, 32, 418, ''),
(747, 2, 'LAMESON 4MG TAB', 3700, 200, 7, 193, ''),
(748, 2, 'LAMESON 8MG TAB', 5400, 175, 5, 170, ''),
(749, 2, 'LAMESON INJ', 101000, 100, 18, 82, ''),
(750, 2, 'LAMODEX 0,05 CREAM', 43000, 120, 23, 97, ''),
(751, 2, 'LANADEXON TAB', 150, 140, 45, 95, ''),
(752, 2, 'LANCID 2MG KAP', 14200, 180, 32, 148, ''),
(753, 2, 'LANCOLIN INJ', 26400, 360, 56, 304, ''),
(754, 2, 'LANCOLIN TAB', 9000, 280, 78, 202, ''),
(755, 2, 'LANODIL TAB', 150, 220, 40, 180, ''),
(756, 2, 'LANOVIT TAB', 1200, 175, 30, 145, ''),
(757, 2, 'LANSOPRAZOLE 30 TAB*', 2000, 150, 67, 83, ''),
(758, 2, 'LAPIBAL 250', 2000, 125, 65, 60, ''),
(759, 2, 'LAPIBAL 500 ', 3300, 425, 54, 371, ''),
(760, 2, 'LAPIBAL 500 TAB', 2500, 220, 58, 162, ''),
(761, 2, 'LAPIBAL INJ', 25750, 260, 39, 221, ''),
(762, 2, 'LAPIBION ', 18200, 240, 90, 150, ''),
(763, 2, 'LAPIBROZ 600', 5000, 290, 32, 258, ''),
(764, 2, 'LAPICEF 250 ', 7000, 270, 45, 225, ''),
(765, 2, 'LAPICEF 250 SYR', 91000, 300, 47, 253, ''),
(766, 2, 'LAPICEF 500 ', 14700, 150, 32, 118, ''),
(767, 2, 'LAPICEF 500 MG CAPS', 13300, 140, 66, 74, ''),
(768, 2, 'LAPICEF SYR', 56500, 120, 3, 117, ''),
(769, 2, 'LAPICEF SYRUP 125', 112000, 150, 8, 142, ''),
(770, 2, 'LOTREMIN 5 GR ', 147500, 390, 8, 382, ''),
(771, 2, 'LOVATROL ', 9500, 150, 44, 106, ''),
(772, 2, 'LOVENOX INJ', 63600, 450, 56, 394, ''),
(773, 2, 'LOVESCO TAB', 34500, 200, 47, 153, ''),
(774, 2, 'LYCOTEN', 3500, 175, 75, 100, ''),
(775, 2, 'LYCOXY', 4950, 100, 48, 52, ''),
(776, 2, 'LYNORAL 0,05 TAB', 1800, 120, 57, 63, ''),
(777, 2, 'L-ZINC SYR 100 ML', 38000, 140, 43, 97, ''),
(778, 2, 'M,TELON CAP LANG 100 ML', 20000, 180, 3, 177, ''),
(779, 2, 'M,TELON CAP LANG 30 ML', 7000, 360, 8, 352, ''),
(780, 2, 'M,TELON CAP LANG 60 ML', 12500, 280, 43, 237, ''),
(781, 2, 'MADOPAR TAB', 2400, 220, 76, 144, ''),
(782, 2, 'MADU TJ SACHET', 1000, 175, 80, 95, ''),
(783, 2, 'MAGARD FA', 5500, 150, 88, 62, ''),
(784, 2, 'MAGTRAL FORTE', 750, 125, 56, 69, ''),
(785, 2, 'MIKONAZOLE CREAM', 5000, 120, 80, 40, ''),
(786, 2, 'MIOZIDINE 35 MG', 4200, 140, 88, 52, ''),
(787, 2, 'MIRACOM 500MG KAPSUL', 5600, 180, 56, 124, ''),
(788, 2, 'MIRADENE 20MG KAPSUL', 2000, 360, 98, 262, ''),
(789, 2, 'MIRAPECT DROPS', 25100, 280, 32, 248, ''),
(790, 2, 'MIRAPECT TABLET', 950, 220, 7, 213, ''),
(791, 2, 'MIRATADIN SYR', 27500, 175, 5, 170, ''),
(792, 2, 'MOBIFLEX 15 MG', 10000, 150, 18, 132, ''),
(793, 2, 'MODALIM 100 CAP', 12500, 125, 23, 102, ''),
(794, 2, 'MOLACORT 0,5 TAB', 200, 425, 45, 380, ''),
(795, 2, 'NOPERTEN 5MG TAB', 750, 300, 75, 225, ''),
(796, 2, 'NOPRIL 10 TAB', 1350, 320, 48, 272, ''),
(797, 2, 'NORELUT 5 TAB', 4350, 390, 57, 333, ''),
(798, 2, 'NORESTIL TAB', 4900, 150, 43, 107, ''),
(799, 2, 'NORFLAM KAPSUL', 2900, 450, 3, 447, ''),
(800, 2, 'NORIT TAB', 200, 200, 8, 192, ''),
(801, 2, 'NORMOTEN 10 TAB', 10600, 175, 43, 132, ''),
(802, 2, 'NORMOTEN 5 TAB', 5600, 100, 76, 24, ''),
(803, 2, 'NOROS KAPSUL', 4750, 120, 80, 40, ''),
(804, 2, 'NORVASK 5 TAB', 3200, 140, 88, 52, ''),
(805, 2, 'NOVAMET INF 5MG/ML 100ML', 18900, 180, 56, 124, ''),
(806, 2, 'NOVAX 500MG KAP', 3000, 360, 98, 262, ''),
(807, 2, 'OBH COMBI BATUK PILEK 60 ML ', 14300, 320, 18, 302, ''),
(808, 2, 'OBH COMBI PLUS ANAK 60 ML ', 9500, 390, 23, 367, ''),
(809, 2, 'OBH COMBI PLUS DEWAS 60 ML ', 7400, 150, 45, 105, ''),
(810, 2, 'OBH COMBI PLUS DEWASA 100 ML ', 16800, 450, 32, 418, ''),
(811, 2, 'OBH COMBI SYR', 5100, 200, 56, 144, ''),
(812, 2, 'OBH INDO PLUS ', 7700, 175, 78, 97, ''),
(813, 2, 'OBH ITRASAL', 3150, 100, 40, 60, ''),
(814, 2, 'OBH ITRASAL ', 5500, 120, 30, 90, ''),
(815, 2, 'OBH NELCO 100 ML ', 39000, 140, 67, 73, ''),
(816, 2, 'OBH NELCO 55 ML ', 30000, 180, 65, 115, ''),
(817, 2, 'OBH NELCO ANAK 55 ML ', 21800, 360, 54, 306, ''),
(818, 2, 'OBH NELCO SPESIAL 100 ML', 15000, 280, 58, 222, ''),
(819, 2, 'OBH SYR 100ML*', 1500, 220, 39, 181, ''),
(820, 2, 'OBH SYR 200ML*', 2800, 175, 90, 85, ''),
(821, 2, 'OBIMIN AF TAB', 1300, 150, 32, 118, ''),
(822, 2, 'OCTALBIN INJ 20% 100ML', 1980000, 125, 45, 80, ''),
(823, 2, 'OCTALBIN INJ 20% 50ML', 750000, 425, 47, 378, ''),
(824, 2, 'OCTALBIN INJ 25% 100ML', 2376000, 220, 32, 188, ''),
(825, 2, 'OPISAR 150', 9700, 125, 5, 120, ''),
(826, 2, 'OPITHROCIN SYR', 27500, 425, 18, 407, ''),
(827, 2, 'OPITHROCIN TAB ', 1800, 220, 23, 197, ''),
(828, 2, 'OPIVASK 10 MG TAB', 9650, 260, 45, 215, ''),
(829, 2, 'OPIVASK 5 MG TAB', 5500, 240, 32, 208, ''),
(830, 2, 'OPIXIME 100MG CAP', 21000, 290, 56, 234, ''),
(831, 2, 'OPIXIME DS', 90000, 270, 78, 192, ''),
(832, 2, 'OPUS', 5500, 300, 40, 260, ''),
(833, 2, 'ORASIC 50MG/ML INJ 2ML', 5050, 150, 30, 120, ''),
(834, 2, 'OREZINC SYR 20 MG', 29500, 140, 67, 73, ''),
(835, 2, 'ORVAST 10 MG ', 248900, 120, 65, 55, ''),
(836, 2, 'OSTELOX 15MG TAB', 10600, 220, 92, 128, ''),
(837, 2, 'OSTELOX 7,5 TAB', 5900, 260, 93, 167, ''),
(838, 2, 'OSTEOCAL 1600 TAB', 500, 240, 44, 196, ''),
(839, 2, 'OSTEOKOM CREAM', 189000, 290, 56, 234, ''),
(840, 2, 'OSTEOKOM FORTE', 17500, 270, 47, 223, ''),
(841, 2, 'OSTEOR PLUS TAB', 7600, 300, 75, 225, ''),
(842, 2, 'OSTRID 400 TAB', 16500, 150, 48, 102, ''),
(843, 2, 'OSTRID TAB', 9700, 140, 57, 83, ''),
(844, 2, 'OSVION PLUS', 6500, 120, 43, 77, ''),
(845, 2, 'OTOPAIN 8MG DROP TT', 42500, 100, 3, 97, ''),
(846, 2, 'OTSUTRAN 70 INF 6% 500ML', 57950, 125, 8, 117, ''),
(847, 2, 'OTTOGENTA INJ', 10600, 500, 43, 457, ''),
(848, 2, 'OTTOGENTA KRIM', 11000, 400, 76, 324, ''),
(849, 2, 'OTTOPAN DROPS', 25000, 300, 80, 220, ''),
(850, 2, 'OTTOPAN SYR', 16000, 320, 88, 232, ''),
(851, 2, 'OTTOPAN TAB', 150, 390, 56, 334, ''),
(852, 2, 'OTTOPRIM SUSP 60ML', 3650, 150, 98, 52, ''),
(853, 2, 'OTTOPRIM TAB', 200, 450, 32, 418, ''),
(854, 2, 'OTTOZOL INJ', 165000, 200, 7, 193, ''),
(855, 2, 'OXCAL TAB', 3200, 175, 5, 170, ''),
(856, 2, 'OXCAM 15MG', 7600, 100, 18, 82, ''),
(857, 2, 'OXYBIOTIC 50MG/ML INJ 10ML', 4800, 120, 23, 97, ''),
(858, 2, 'OXYFLOW ADULT OXY NASAL', 15850, 140, 45, 95, ''),
(859, 2, 'OXYTETRACYCLIN SK', 2050, 180, 32, 148, ''),
(860, 2, 'OXYZONE KRIM 0,25% 15GR', 13200, 360, 56, 304, ''),
(861, 2, 'PAMOL 125 SUPP', 9100, 280, 78, 202, ''),
(862, 2, 'PAMOL DROP', 25000, 220, 40, 180, ''),
(863, 2, 'PAMOL SYR 60 ML', 17000, 175, 30, 145, ''),
(864, 2, 'PAMOL TAB', 500, 150, 67, 83, ''),
(865, 2, 'PAN AMIN G INF 500ML', 24400, 125, 65, 60, ''),
(866, 2, 'PANADOL ', 6200, 425, 54, 371, ''),
(867, 2, 'PANADOL 6+ SYRUP ', 54200, 220, 58, 162, ''),
(868, 2, 'PANADOL ANAK ', 15000, 260, 39, 221, ''),
(869, 2, 'PANADOL COLD DAN FLU ', 125000, 240, 90, 150, ''),
(870, 2, 'PANADOL DROP ', 51400, 290, 32, 258, ''),
(871, 2, 'PANADOL DROP 15ML', 24250, 270, 45, 225, ''),
(872, 2, 'PANADOL EXTRA ', 11500, 300, 47, 253, ''),
(873, 2, 'PANADOL SYRUP ', 52500, 150, 32, 118, ''),
(874, 2, 'PANADOL SYRUP 30 ML ', 28800, 140, 66, 74, ''),
(875, 2, 'PANSO 40MG INJ', 148500, 120, 3, 117, ''),
(876, 2, 'PANTOPUMP INJ', 137500, 150, 8, 142, ''),
(877, 2, 'PARAMEX ', 2000, 125, 44, 81, ''),
(878, 2, 'PARAMEX FLU DAN BATUK ', 2800, 425, 56, 369, ''),
(879, 2, 'PARAMEX NYERI OTOT ', 2200, 220, 47, 173, ''),
(880, 2, 'PARASETAMOL 120/5ML SYR 60ML*', 3000, 260, 75, 185, ''),
(881, 2, 'PARASETAMOL 500 TAB*', 200, 240, 48, 192, ''),
(882, 2, 'PECTUM SYR', 32000, 290, 57, 233, ''),
(883, 2, 'PEDIALYTE SOL', 15000, 270, 43, 227, ''),
(884, 2, 'PEHACAIN INJ', 3750, 300, 3, 297, ''),
(885, 2, 'PELASTIN 1G INJ', 264000, 150, 8, 142, ''),
(886, 2, 'PEN NEEDLE', 2500, 140, 43, 97, ''),
(887, 2, 'PENBIOTIC INJ 1000MG/VIAL ', 6600, 120, 76, 44, ''),
(888, 2, 'PENTOTHAL SOL', 68400, 100, 80, 20, ''),
(889, 2, 'PENTOXYFILLIN INJ 300MG/15ML*', 19950, 125, 88, 37, ''),
(890, 2, 'PEPTOVEL 100 ML ', 68000, 500, 56, 444, ''),
(891, 2, 'PEPTOVEL 200 ML ', 92000, 400, 98, 302, ''),
(892, 2, 'PEPZOL 20 MG ', 165000, 300, 32, 268, ''),
(893, 2, 'PEPZOL 40 MG ', 218000, 320, 7, 313, ''),
(894, 2, 'PERDERM 10 GR ', 70000, 390, 5, 385, ''),
(895, 2, 'PERDERM 5 GR ', 48000, 150, 18, 132, ''),
(896, 2, 'PERDIPINE INJ', 164000, 320, 23, 297, ''),
(897, 2, 'PETHIDIN INJ 50MG/ML 2ML*', 15200, 500, 45, 455, ''),
(898, 2, 'PHARFLOX 200 ', 318000, 400, 48, 352, ''),
(899, 2, 'PHARFLOX 400 ', 530000, 300, 57, 243, ''),
(900, 2, 'PHENEX SYRUP', 12000, 320, 43, 277, ''),
(901, 2, 'PHENEX TAB ', 45000, 390, 3, 387, ''),
(902, 2, 'PHENYTOIN 100MG CAP', 750, 150, 8, 142, ''),
(903, 2, 'PHENYTOIN 100MG/2ML INJ', 23000, 450, 43, 407, ''),
(904, 2, 'PIDOVIX 75 MG', 17200, 200, 76, 124, ''),
(905, 2, 'PIOSFEN 120 MG SYR', 14500, 175, 80, 95, ''),
(906, 2, 'PIRABRAIN 1GR', 18500, 100, 88, 12, ''),
(907, 2, 'PIRABRAIN 3GR', 59400, 120, 56, 64, ''),
(908, 2, 'PIROXICAM 10 TAB*', 200, 400, 32, 368, ''),
(909, 2, 'PIROXICAM 20 TAB*', 200, 300, 66, 234, ''),
(910, 2, 'PITOGIN INJ', 31750, 320, 3, 317, ''),
(911, 2, 'PLANTACID FORTE SYR', 35000, 390, 8, 382, ''),
(912, 2, 'PLASMINEX INJ', 13300, 150, 44, 106, ''),
(913, 2, 'PLASMINEX TAB', 3200, 450, 56, 394, ''),
(914, 2, 'PLAVIX', 419000, 200, 47, 153, ''),
(915, 2, 'PLAVOS', 11000, 175, 75, 100, ''),
(916, 2, 'PLENDIL 10', 500000, 100, 48, 52, ''),
(917, 2, 'PLENDIL 2,5', 195000, 120, 57, 63, ''),
(918, 2, 'PLENDIL 5', 275000, 140, 43, 97, ''),
(919, 2, 'PLETAAL 100 MG', 205000, 180, 3, 177, ''),
(920, 2, 'PLETAAL 50 MG', 80000, 360, 8, 352, ''),
(921, 2, 'PLEXION', 33000, 280, 43, 237, ''),
(922, 2, 'PLOSAA MINI EUCALYPTUS', 10500, 220, 76, 144, ''),
(923, 2, 'PLOSAA ORIGINAL', 5000, 175, 80, 95, ''),
(924, 2, 'PLOSAA RED HOT', 11500, 150, 88, 62, ''),
(925, 2, 'POLACEL ', 17000, 125, 56, 69, ''),
(926, 2, 'POLIDEMISIN EYE DROP', 30000, 425, 98, 327, ''),
(927, 2, 'PRENAMIA TAB', 1500, 125, 67, 58, ''),
(928, 2, 'PRENATIN DF TAB', 3000, 500, 65, 435, ''),
(929, 2, 'PRENATIN PLUS TAB', 700, 400, 54, 346, ''),
(930, 2, 'PRESTRENOL', 40000, 300, 58, 242, ''),
(931, 2, 'PRESTRENOL TAB', 4600, 320, 39, 281, ''),
(932, 2, 'PRIMADEX SYR 60ML', 5300, 390, 90, 300, ''),
(933, 2, 'PRIMADEX TAB', 150, 150, 32, 118, ''),
(934, 2, 'PRIMADOL', 159000, 320, 45, 275, ''),
(935, 2, 'PRIMAQUIN 15MG TAB*', 150, 390, 47, 343, ''),
(936, 2, 'PRIMPERAN 10 MG', 1600, 150, 32, 118, ''),
(937, 2, 'PRITAGESIC', 500, 450, 66, 384, ''),
(938, 2, 'PROAST SYR', 11250, 200, 3, 197, ''),
(939, 2, 'PROCAIN PENISILIN G CRYSTAL SERB INJ 3JT IU*', 5900, 175, 8, 167, ''),
(940, 2, 'PROCAIN PENISILIN G MEIJI SERB INJ 3JT IU', 7150, 100, 90, 10, ''),
(941, 2, 'PRODERMAL', 89000, 120, 65, 55, ''),
(942, 2, 'PRODEXON', 354000, 140, 74, 66, ''),
(943, 2, 'PROFERTIL', 200000, 180, 34, 146, ''),
(944, 2, 'PROFERTIL 50MG TAB', 14550, 360, 27, 333, ''),
(945, 2, 'PROFUNGAL 15 GR', 33000, 280, 48, 232, ''),
(946, 2, 'PROFUNGAL 5 GR', 21500, 220, 88, 132, ''),
(947, 2, 'PROGESTON TAB', 4900, 175, 37, 138, ''),
(948, 2, 'PROINFARK INJ', 15500, 150, 77, 73, ''),
(949, 2, 'PROLIC 150 CAPS', 3900, 125, 89, 36, ''),
(950, 2, 'PROLIC 300 CAPS', 8600, 425, 92, 333, ''),
(951, 2, 'PROLINE 3/0', 127150, 220, 93, 127, ''),
(952, 2, 'PROMAG', 28900, 260, 44, 216, ''),
(953, 2, 'PROMAG DOUBLE ACTION', 60500, 240, 56, 184, ''),
(954, 2, 'PROMAVIT', 69000, 290, 47, 243, ''),
(955, 2, 'PROMAVIT KAP', 2200, 270, 75, 195, ''),
(956, 2, 'PROME EXPECTERON 60 ML SYR', 19000, 300, 48, 252, ''),
(957, 2, 'PROMEDEX SYR 60 ML', 18500, 150, 57, 93, ''),
(958, 2, 'PROMEDEX TAB', 750, 140, 43, 97, ''),
(959, 2, 'PRONALGES 100 SUPPO', 4900, 120, 3, 117, ''),
(960, 2, 'PRONICI TAB', 300, 150, 8, 142, ''),
(961, 2, 'PROPRANOLOL 10 TAB*', 100, 125, 43, 82, ''),
(962, 2, 'PROPRANOLOL 40 TAB*', 100, 425, 76, 349, ''),
(963, 2, 'RANIVEL SYR 60 ML', 58500, 360, 98, 262, ''),
(964, 2, 'RANTIN TAB', 5300, 280, 32, 248, ''),
(965, 2, 'RENATOR INF', 145200, 300, 32, 268, ''),
(966, 2, 'RENAX 50 CAP', 4800, 150, 56, 94, ''),
(967, 2, 'RENXAMIN INF', 95050, 140, 78, 62, ''),
(968, 2, 'REOTAL SR 400', 120000, 120, 40, 80, ''),
(969, 2, 'RESFLOX TAB', 22900, 100, 30, 70, ''),
(970, 2, 'RESKUIN 500 MG', 33700, 125, 67, 58, ''),
(971, 2, 'RETIVIT KAP', 3700, 500, 65, 435, ''),
(972, 2, 'RETIVIT PLUS KAP', 7000, 400, 54, 346, ''),
(973, 2, 'REUCID 100 MG TAB', 830, 300, 58, 242, ''),
(974, 2, 'REVER CREAM', 110000, 320, 39, 281, ''),
(975, 2, 'REVOLAC 30MG INJ', 33000, 390, 90, 300, ''),
(976, 2, 'REVOLAN 1 GR INJ', 18900, 150, 32, 118, ''),
(977, 2, 'REVOLAN 3 GR INJ', 62200, 320, 45, 275, ''),
(978, 2, 'REVOLAN 400 MG', 2500, 175, 47, 128, ''),
(979, 2, 'REVOLAN 800 MG', 4300, 150, 32, 118, ''),
(980, 2, 'RHETOFLAM GEL 20MG', 33000, 125, 66, 59, ''),
(981, 2, 'RHINOFED SYR 60 ML', 30000, 425, 57, 368, ''),
(982, 2, 'RHINOS JUNIOR', 35000, 220, 43, 177, ''),
(983, 2, 'RHINOS NEO DROP 10ML', 52000, 260, 3, 257, ''),
(984, 2, 'RHINOS SR', 6000, 240, 8, 232, ''),
(985, 2, 'RHODIUM TABLET', 6600, 290, 43, 247, ''),
(986, 2, 'RIFAMPISIN 300 TAB*', 650, 270, 76, 194, ''),
(987, 2, 'RIFAMPISIN 450 TAB*', 800, 300, 80, 220, ''),
(988, 2, 'RIFAMPISIN 600 TAB*', 850, 150, 88, 62, ''),
(989, 2, 'RIFAMTIBI 450 TAB', 4450, 140, 56, 84, '');
INSERT INTO `tb_obat` (`id`, `id_apotek`, `nama`, `harga`, `stock`, `terjual`, `tersedia`, `kategori`) VALUES
(990, 2, 'RIFASTAR ', 83000, 120, 98, 22, ''),
(991, 2, 'RILLUS TAB', 7500, 150, 32, 118, ''),
(992, 2, 'RILOX 400 KAP', 15850, 125, 7, 118, ''),
(993, 2, 'RINVOX', 28000, 425, 5, 420, ''),
(994, 2, 'RISPERIDON 2MG TAB', 3000, 220, 18, 202, ''),
(995, 2, 'RITALIN TAB', 175000, 260, 23, 237, ''),
(996, 2, 'RITEZ', 70000, 240, 45, 195, ''),
(997, 2, 'RITEZ DROP', 85000, 290, 32, 258, ''),
(998, 2, 'RITEZ SYRUP', 68000, 270, 56, 214, ''),
(999, 2, 'SCOPAMIN INJ 20MG/ML', 7200, 175, 3, 172, ''),
(1000, 2, 'SCOPAMIN PLUS TAB', 2400, 150, 8, 142, ''),
(1001, 2, 'SCOTT\'S EMULSION 200 ML', 24000, 125, 43, 82, ''),
(1002, 2, 'SCOTT\'S EMULSION 400 ML', 40000, 425, 76, 349, ''),
(1003, 2, 'SEDACUM INJ 15MG/3ML 3ML', 17400, 220, 80, 140, ''),
(1004, 2, 'SITUROXIME', 11000, 100, 98, 2, ''),
(1005, 2, 'SKIN TRAKSI KID', 849600, 125, 32, 93, ''),
(1006, 2, 'SOCEF INJ', 198000, 500, 7, 493, ''),
(1007, 2, 'SOCLAF INJ', 159000, 400, 5, 395, ''),
(1008, 2, 'SOFIX 100MG KAP', 22000, 300, 18, 282, ''),
(1009, 2, 'SOFRATUL ', 15200, 320, 23, 297, ''),
(1010, 2, 'SOFTBAND 10CM', 25000, 390, 45, 345, ''),
(1011, 2, 'SOFTBAND 15CM', 35000, 150, 32, 118, ''),
(1012, 2, 'SOFTBAND 7,5CM', 41900, 320, 56, 264, ''),
(1013, 2, 'SOHOBAL 500 INJ', 19500, 390, 78, 312, ''),
(1014, 2, 'SOHOBION 5000 INJ', 6600, 150, 40, 110, ''),
(1015, 2, 'SPIRANTER 500 TAB', 6250, 150, 88, 62, ''),
(1016, 2, 'SPIRONOLACTON 100 TAB', 1200, 140, 37, 103, ''),
(1017, 2, 'SPORETIK 100 MG CAPS', 23500, 120, 77, 43, ''),
(1018, 2, 'SPORETIK 50 MG CAPS', 9700, 150, 89, 61, ''),
(1019, 2, 'SPORETIK D.SYR', 94000, 125, 92, 33, ''),
(1020, 2, 'SPOREX CREAM', 3500, 425, 93, 332, ''),
(1021, 2, 'SPRIVA NEBULES', 16000, 220, 44, 176, ''),
(1022, 2, 'SPUIT 10CC', 5000, 260, 56, 204, ''),
(1023, 2, 'TORAMIN 30MG/ML INJ 1ML', 36000, 425, 75, 350, ''),
(1024, 2, 'TORASIC 10MG/ML INJ 1ML', 25900, 220, 48, 172, ''),
(1025, 2, 'TORASIC 30MG/ML INJ 1ML', 38400, 260, 57, 203, ''),
(1026, 2, 'TORASIC TAB', 4500, 240, 43, 197, ''),
(1027, 2, 'TRACETATE SYR 40 ML', 447000, 290, 3, 287, ''),
(1028, 2, 'TRACETIN OINTMENT', 21000, 270, 8, 262, ''),
(1029, 2, 'TRACHON', 263000, 300, 43, 257, ''),
(1030, 2, 'TRACOR', 350000, 150, 76, 74, ''),
(1031, 2, 'TRIAMINIC SYR', 36000, 220, 40, 180, ''),
(1032, 2, 'TRIANTA', 6000, 260, 30, 230, ''),
(1033, 2, 'TRIANTA SYRUP', 11000, 240, 67, 173, ''),
(1034, 2, 'TRICHODAZOL 500MG TAB', 2000, 290, 65, 225, ''),
(1035, 2, 'TRICHODAZOL INF', 104000, 270, 54, 216, ''),
(1036, 2, 'TRICHODAZOL PLUS OVULA', 15500, 300, 58, 242, ''),
(1037, 2, 'TRIFED TAB', 1750, 150, 39, 111, ''),
(1038, 2, 'TRIFEDRIN CUM EXP', 22000, 140, 90, 50, ''),
(1039, 2, 'TRIFEDRIN SYR', 21000, 120, 32, 88, ''),
(1040, 2, 'TRIFEDRIN TAB', 1200, 150, 45, 105, ''),
(1041, 2, 'TYASON INJ', 223600, 320, 47, 273, ''),
(1042, 2, 'UBITINE', 175000, 390, 75, 315, ''),
(1043, 2, 'ULCERANIN INJ', 19800, 150, 48, 102, ''),
(1044, 2, 'ULCERANIN TAB', 4400, 450, 57, 393, ''),
(1045, 2, 'ULCRON', 3000, 200, 43, 157, ''),
(1046, 2, 'ULCUMET INJ 100MG/ML 2ML', 4650, 175, 3, 172, ''),
(1047, 2, 'ULSAFATE 100 ML SYR', 46200, 100, 8, 92, ''),
(1048, 2, 'ULSAFATE 200 ML SYR', 87150, 120, 43, 77, ''),
(1049, 2, 'ULSIDEX 500 TAB', 350, 140, 76, 64, ''),
(1050, 2, 'VINERTON', 210000, 300, 7, 293, ''),
(1051, 2, 'VIOXY FM', 66000, 150, 5, 145, ''),
(1052, 2, 'VIPRO-G', 20000, 140, 18, 122, ''),
(1053, 2, 'VIRUGON', 45000, 120, 23, 97, ''),
(1054, 2, 'VISANNE', 810000, 100, 45, 55, ''),
(1055, 2, 'VISEBAD DROP', 20000, 200, 32, 168, ''),
(1056, 2, 'VISEBAD PLUS SUSP', 29000, 175, 56, 119, ''),
(1057, 2, 'VIT A IPI', 4000, 100, 78, 22, ''),
(1058, 2, 'VITACID 0,025 GR', 24000, 120, 40, 80, ''),
(1059, 2, 'VITACID 0,1 GR', 45000, 140, 30, 110, ''),
(1060, 2, 'VITACID CREM', 35000, 180, 67, 113, ''),
(1061, 2, 'VITACUR SYR', 38000, 100, 65, 35, ''),
(1062, 2, 'X-FLAM 50MG TAB', 2480, 425, 67, 358, ''),
(1063, 2, 'XIDANE', 8800, 220, 65, 155, ''),
(1064, 2, 'XIMESCO TAB', 33000, 260, 88, 172, ''),
(1065, 2, 'ZAMBUK MEDICATED OINMENT', 65000, 240, 56, 184, ''),
(1066, 2, 'ZAMEL SYR 60 ML', 41500, 290, 98, 192, ''),
(1067, 2, 'ZANTAC 150 MG', 145000, 270, 32, 238, ''),
(1068, 2, 'ZANTAC 300', 135000, 300, 7, 293, ''),
(1069, 2, 'ZAROM 250 CAPSULE', 19300, 125, 5, 120, ''),
(1070, 2, 'ZEGAVIT', 268000, 425, 18, 407, ''),
(1071, 2, 'ZESTAM 50 TAB', 1400, 220, 23, 197, ''),
(1072, 2, 'ZIBRAMAX SYR', 110000, 260, 45, 215, ''),
(1073, 2, 'ZIBRAMAX TAB', 41000, 240, 32, 208, ''),
(1074, 2, 'ZIBRAMAX TAB', 41000, 290, 56, 234, ''),
(1075, 2, 'ZINCPRO SYR 60 ML', 36500, 270, 78, 192, ''),
(1076, 2, 'ZINONE', 72000, 300, 40, 260, ''),
(1077, 2, 'ZIN-PRO SYR', 33000, 140, 5, 135, ''),
(1078, 2, 'ZISTIC 250', 226000, 120, 18, 102, ''),
(1079, 2, 'ZISTIC 500', 400000, 150, 23, 127, ''),
(1080, 2, 'ZOLESCO', 15800, 125, 45, 80, ''),
(1081, 2, 'ZYLORIC 100', 45000, 425, 32, 393, ''),
(1082, 2, 'ZYLORIC 300', 125500, 220, 56, 164, ''),
(1593, 3, 'ABBOTIC 250', 322500, 125, 93, 32, ''),
(1594, 3, 'ABBOTIC XL 500', 60000, 425, 44, 381, ''),
(1595, 3, 'ABILIFY 10 MG', 310000, 220, 56, 164, ''),
(1596, 3, 'ABILIFY 15 MG', 325000, 260, 47, 213, ''),
(1597, 3, 'BIOLYSIN SMART 100 ML', 17600, 280, 37, 243, ''),
(1598, 3, 'BIOLYSIN TABLET ', 5400, 220, 77, 143, ''),
(1599, 3, 'BIONECT CREAM', 108900, 175, 89, 86, ''),
(1600, 3, 'BIOPLACENTOM 15 GR', 16000, 150, 92, 58, ''),
(1601, 3, 'BIOSANBE TAB', 1100, 125, 93, 32, ''),
(1602, 3, 'BIOSTRUM SYR', 57000, 425, 44, 381, ''),
(1603, 3, 'BIOTHICOL 250 ', 3000, 220, 56, 164, ''),
(1604, 3, 'BIOTHICOL 500 ', 5200, 260, 47, 213, ''),
(1605, 3, 'DEXTROSIN SYR 60ML', 13200, 425, 48, 377, ''),
(1606, 3, 'DEXTROSYN SYR 120 ML', 23000, 220, 57, 163, ''),
(1607, 3, 'DHAVIT SYRUP', 29000, 260, 43, 217, ''),
(1608, 3, 'ETASON INJ', 7600, 220, 76, 144, ''),
(1609, 3, 'ETUROL KAPSUL', 6100, 175, 80, 95, ''),
(1610, 3, 'EVER E', 2100, 150, 88, 62, ''),
(1611, 3, 'EVION VEGECAP ', 118500, 125, 56, 69, ''),
(1612, 3, 'EXABET 0,5 MG', 1100, 425, 98, 327, ''),
(1613, 3, 'EXAFLAM 25 TAB', 1800, 220, 76, 144, ''),
(1614, 3, 'EXAFLAM 50 TAB', 3000, 260, 80, 180, ''),
(1615, 3, 'EXODERIL 15 GR ', 80600, 240, 88, 152, ''),
(1616, 3, 'EXODERIL 5 GR ', 79900, 290, 56, 234, ''),
(1617, 3, 'EXTILO ', 99000, 270, 98, 172, ''),
(1618, 3, 'EXTRACE 200', 90000, 300, 32, 268, ''),
(1619, 3, 'FASTOR 20 MG', 21400, 260, 34, 226, ''),
(1620, 3, 'FENRIS SYR 60 ML', 22000, 240, 27, 213, ''),
(1621, 3, 'FEROFORT KAPLET', 1700, 290, 48, 242, ''),
(1622, 3, 'FEROKID SYR', 42000, 270, 88, 182, ''),
(1623, 3, 'FEROSPAT EFFERVECENT', 55000, 300, 37, 263, ''),
(1624, 3, 'FERTIN TAB', 14500, 150, 77, 73, ''),
(1625, 3, 'FETIK SUPP', 13500, 140, 89, 51, ''),
(1626, 3, 'FETINOR KAPSUL', 2500, 120, 92, 28, ''),
(1627, 3, 'FEVRIN TAB', 508, 150, 93, 57, ''),
(1628, 3, 'FINPRO TAB', 12400, 125, 44, 81, ''),
(1629, 3, 'FITAJOINT ROLL', 92500, 425, 56, 369, ''),
(1630, 3, 'FITKOM GUMYY', 18000, 220, 47, 173, ''),
(1631, 3, 'FIXACEP SYR', 84500, 260, 75, 185, ''),
(1632, 3, 'FIXAM TAB', 18000, 240, 48, 192, ''),
(1633, 3, 'FIXEF 200 MG', 33000, 290, 57, 233, ''),
(1634, 3, 'FLAMOXI KAPLET', 8250, 270, 43, 227, ''),
(1635, 3, 'FLEXOR DS CAPLET', 6900, 300, 3, 297, ''),
(1636, 3, 'FLOXACOM TAB', 30500, 150, 8, 142, ''),
(1637, 3, 'FLUTIAS 125 MG', 137500, 140, 43, 97, ''),
(1638, 3, 'FLUTIAS 50 MG', 124000, 120, 76, 44, ''),
(1639, 3, 'FLUZEP TAB', 1000, 100, 80, 20, ''),
(1640, 3, 'FOLAC TAB', 850, 125, 88, 37, ''),
(1641, 3, 'FOLACOM TAB', 800, 500, 56, 444, ''),
(1642, 3, 'FOLAMIL GENIO SOFT CAP', 124000, 400, 98, 302, ''),
(1643, 3, 'GUEDEL AIRWAY HOSPITEC', 28000, 150, 80, 70, ''),
(1644, 3, 'INTERFLOX KAP', 14800, 140, 45, 95, ''),
(1645, 3, 'INTERFLOX TETES MATA 5 ML', 37650, 120, 48, 72, ''),
(1646, 3, 'INTERHISTIN 50 TAB', 800, 150, 57, 93, ''),
(1647, 3, 'INTERHISTIN SYR 60ML', 26000, 125, 43, 82, ''),
(1648, 3, 'INTERMIC 500 INJ', 8600, 425, 3, 422, ''),
(1649, 3, 'INTERMOXIL 500 MG TAB', 3700, 220, 8, 212, ''),
(1650, 3, 'INTERMOXIL FORTE SYR', 33000, 260, 43, 217, ''),
(1651, 3, 'INTERMOXIL INJ', 26200, 240, 76, 164, ''),
(1652, 3, 'INTERMOXIL SYR', 26000, 290, 80, 210, ''),
(1653, 3, 'INTERPEC 30MG TAB', 1300, 270, 88, 182, ''),
(1654, 3, 'INTERPRIL 10 TAB', 5200, 300, 56, 244, ''),
(1655, 3, 'INTERPRIL 5 TAB', 3400, 150, 98, 52, ''),
(1656, 3, 'INTERVASK 10 MG TAB', 1900, 140, 32, 108, ''),
(1657, 3, 'INTERXANTHIN', 7600, 120, 7, 113, ''),
(1658, 3, 'INTERZINC SYR', 26400, 100, 5, 95, ''),
(1659, 3, 'INTERZOL CREAM', 25500, 125, 18, 107, ''),
(1660, 3, 'INTERZOL TAB', 6300, 500, 23, 477, ''),
(1661, 3, 'INTIFEN', 2900, 400, 45, 355, ''),
(1662, 3, 'INTRIZIN SYR', 63500, 300, 32, 268, ''),
(1663, 3, 'INTRIZIN TAB', 5000, 320, 56, 264, ''),
(1664, 3, 'INVICLOT INJ 5000 IU/ML 5ML*', 30600, 390, 78, 312, ''),
(1665, 3, 'INVOMIT 4MG INJ', 37500, 150, 40, 110, ''),
(1666, 3, 'INVOMIT 4MG TAB', 19200, 320, 30, 290, ''),
(1667, 3, 'INVOMIT 8MG INJ', 72600, 175, 67, 108, ''),
(1668, 3, 'INVOMIT 8MG TAB', 27900, 150, 65, 85, ''),
(1669, 3, 'INZANA', 1000, 125, 54, 71, ''),
(1670, 3, 'INZANA MASUK ANGIN', 1200, 425, 58, 367, ''),
(1671, 3, 'IRBESARTAN 150 MG*', 2500, 220, 39, 181, ''),
(1672, 3, 'IRBESARTAN 300 MG*', 4800, 260, 90, 170, ''),
(1673, 3, 'IRBOSYD 135 MG', 4200, 240, 32, 208, ''),
(1674, 3, 'IREMAX TAB', 1000, 290, 45, 245, ''),
(1675, 3, 'KALMECO INJ 500HCG/ML', 22000, 300, 7, 293, ''),
(1676, 3, 'KALMECO KAP', 2350, 320, 5, 315, ''),
(1677, 3, 'KALMETHASONE 4MG/ML INJ 1ML', 3200, 390, 18, 372, ''),
(1678, 3, 'KALMETHASONE TAB', 200, 150, 23, 127, ''),
(1679, 3, 'KALMOXILIN 500 TAB', 2300, 320, 45, 275, ''),
(1680, 3, 'KALMOXILIN INJ', 29100, 500, 76, 424, ''),
(1681, 3, 'KALMOXILLIN 125 D.S', 21700, 400, 80, 320, ''),
(1682, 3, 'KALMOXILLIN 250', 2000, 300, 88, 212, ''),
(1683, 3, 'KAMADOL 50MG/ML 2ML INJ', 3200, 140, 58, 82, ''),
(1684, 3, 'KANAMYCIN 250 TAB', 1600, 180, 39, 141, ''),
(1685, 3, 'KANTONG DARAH DOUBLE', 83200, 360, 90, 270, ''),
(1686, 3, 'KANTONG DARAH SINGLE', 47550, 280, 32, 248, ''),
(1687, 3, 'KAPSUL', 100, 220, 45, 175, ''),
(1688, 3, 'KARBAMAZEPIN 200 TAB*', 300, 175, 47, 128, ''),
(1689, 3, 'KARBO ADSORBEN 0,5 TAB', 150, 150, 32, 118, ''),
(1690, 3, 'KASA STERIL', 10000, 125, 66, 59, ''),
(1691, 3, 'KASA STERIL HIDROPHILE', 5000, 425, 3, 422, ''),
(1692, 3, 'KETROBAT 30 MG INJ', 11400, 200, 57, 143, ''),
(1693, 3, 'KIFLUZOL 150 ', 44000, 175, 43, 132, ''),
(1694, 3, 'KIFLUZOL 50 ', 574, 100, 3, 97, ''),
(1695, 3, 'KIMOXIL 500', 6400, 120, 8, 112, ''),
(1696, 3, 'KINA 200 TAB*', 1000, 140, 43, 97, ''),
(1697, 3, 'KINA INJ 25% 2ML*', 1650, 180, 76, 104, ''),
(1698, 3, 'KLINDAMISIN 150 TAB*', 650, 360, 80, 280, ''),
(1699, 3, 'KLINDAMISIN 300 TAB*', 1100, 280, 88, 192, ''),
(1700, 3, 'KLIP 10X7CM', 7950, 220, 56, 164, ''),
(1701, 3, 'KLIP BESAR / PAK', 100000, 175, 98, 77, ''),
(1702, 3, 'KLIP TANGGUNG / PAK', 77500, 150, 32, 118, ''),
(1703, 3, 'KLOBAZAM 10 TAB*', 1200, 125, 7, 118, ''),
(1704, 3, 'KLODERMA CREAM', 30000, 425, 5, 420, ''),
(1705, 3, 'KLONIDIN 0,15 TAB*', 250, 220, 18, 202, ''),
(1706, 3, 'KLORAMFENIKOL 0,5% 5ML ED*', 3000, 260, 23, 237, ''),
(1707, 3, 'KLORAMFENIKOL 1% 3,5GR EO*', 1900, 240, 45, 195, ''),
(1708, 3, 'KLORAMFENIKOL 250 TAB*', 350, 290, 32, 258, ''),
(1709, 3, 'KLORAMFENIKOL TTS TELINGA 3% 5ML*', 3000, 270, 56, 214, ''),
(1710, 3, 'KLOROKUIN 150 TAB*', 100, 300, 78, 222, ''),
(1711, 3, 'LIPINORM 20 MG', 7200, 120, 90, 30, ''),
(1712, 3, 'LIPINORM 5 ', 4200, 140, 32, 108, ''),
(1713, 3, 'LIPIRA 300', 3100, 180, 45, 135, ''),
(1714, 3, 'LIPIRA 600', 5400, 360, 47, 313, ''),
(1715, 3, 'LIPITOR 10 MG', 21000, 280, 32, 248, ''),
(1716, 3, 'LIPITOR 20 MG', 21000, 220, 66, 154, ''),
(1717, 3, 'LIVRON TAB', 300, 175, 57, 118, ''),
(1718, 3, 'LIXIANA 30 MG', 34000, 150, 43, 107, ''),
(1719, 3, 'LIXIANA 60 MG ', 33800, 125, 3, 122, ''),
(1720, 3, 'LODIA TAB', 1500, 425, 8, 417, ''),
(1721, 3, 'LODOMER 2 ', 120000, 220, 43, 177, ''),
(1722, 3, 'LODOMER 5 ', 170500, 260, 76, 184, ''),
(1723, 3, 'LOMATUL', 14300, 240, 80, 160, ''),
(1724, 3, 'LONGCEF 500 MG KAP', 11250, 290, 88, 202, ''),
(1725, 3, 'LORAN TAB', 6000, 270, 56, 214, ''),
(1726, 3, 'LORATADINE TAB*', 500, 300, 98, 202, ''),
(1727, 3, 'LOSARTAN 50MG TAB', 5100, 150, 76, 74, ''),
(1728, 3, 'MADU TJ SACHET', 1000, 100, 30, 70, ''),
(1729, 3, 'MAGARD FA', 5500, 125, 67, 58, ''),
(1730, 3, 'MAGTRAL FORTE', 750, 500, 65, 435, ''),
(1731, 3, 'MAGTRAL FORTE SYR', 29100, 400, 54, 346, ''),
(1732, 3, 'MAGTRAL MINT', 150, 300, 58, 242, ''),
(1733, 3, 'MAGTRAL MINT SYR 120 ML', 28000, 320, 39, 281, ''),
(1734, 3, 'MALAREX 250 TAB', 350, 390, 90, 300, ''),
(1735, 3, 'MALTOFER FOL TAB', 3300, 150, 32, 118, ''),
(1736, 3, 'MALTOFER SYR', 59400, 320, 45, 275, ''),
(1737, 3, 'MALTOFER TAB', 3500, 500, 47, 453, ''),
(1738, 3, 'MANITOL INF 20% 500ML*', 47400, 400, 32, 368, ''),
(1739, 3, 'MARTOS 10% INF 500ML', 78000, 300, 66, 234, ''),
(1740, 3, 'MASKER', 2000, 320, 3, 317, ''),
(1741, 3, 'MASKER NEBULIZER', 50000, 390, 8, 382, ''),
(1742, 3, 'MASKER O2', 60000, 150, 90, 60, ''),
(1743, 3, 'MASKER O2 HOSPITEC', 42000, 450, 65, 385, ''),
(1744, 3, 'MODALIM 100 CAP', 12500, 300, 65, 235, ''),
(1745, 3, 'MOLACORT 0,5 TAB', 200, 320, 54, 266, ''),
(1746, 3, 'MOLAZOL 500 TAB', 150, 390, 58, 332, ''),
(1747, 3, 'MOSARDAL 500 KAPLET', 37850, 150, 39, 111, ''),
(1748, 3, 'MOVELAS LOTION', 41500, 320, 90, 230, ''),
(1749, 3, 'MOVI-COX 15 SUPPO', 8800, 500, 32, 468, ''),
(1750, 3, 'MOVILEPS 100 KAPS', 300, 400, 45, 355, ''),
(1751, 3, 'MOVIX 15 MG TAB', 10600, 300, 47, 253, ''),
(1752, 3, 'MOVIX 7,5 MG TAB', 5300, 320, 32, 288, ''),
(1753, 3, 'MOXIC FORTE TAB', 9700, 390, 66, 324, ''),
(1754, 3, 'MOXIC TAB', 5500, 150, 3, 147, ''),
(1755, 3, 'MUCERA DROPS', 41500, 100, 8, 92, ''),
(1756, 3, 'MUCERA FORTE SYR', 25100, 125, 44, 81, ''),
(1757, 3, 'MUCERA SYR', 23000, 500, 56, 444, ''),
(1758, 3, 'MUCOSTA TAB', 3800, 400, 47, 353, ''),
(1759, 3, 'MUCOSULVAN TAB', 350, 300, 75, 225, ''),
(1760, 3, 'MUCOTEIN KAPS', 5900, 320, 48, 272, ''),
(1761, 3, 'MUCOTEIN SYR', 37500, 390, 57, 333, ''),
(1762, 3, 'MULIAVIT SYR', 4250, 150, 43, 107, ''),
(1763, 3, 'MUSICOM CREAM', 41400, 450, 3, 447, ''),
(1764, 3, 'MUSIN SYR', 60500, 200, 8, 192, ''),
(1765, 3, 'NEUROTAM 3GR INJ', 57450, 150, 43, 107, ''),
(1766, 3, 'NEUROTAM 400 ', 250100, 450, 76, 374, ''),
(1767, 3, 'NEUROTAM 400 MG KAPSUL', 3000, 200, 80, 120, ''),
(1768, 3, 'NEUROTAM 800 ', 165900, 175, 88, 87, ''),
(1769, 3, 'NEUROTAM 800 MG KAPSUL', 5000, 100, 56, 44, ''),
(1770, 3, 'NEUROTAM INF', 222000, 120, 98, 22, ''),
(1771, 3, 'NEUROTAM SYRUP ', 76500, 140, 32, 108, ''),
(1772, 3, 'NEUROZATAM 1200 TAB', 4300, 180, 7, 173, ''),
(1773, 3, 'NEUROZATAM 800 TAB', 3300, 360, 5, 355, ''),
(1774, 3, 'NEVODIO 5 MG ', 183800, 280, 18, 262, ''),
(1775, 3, 'NGT 8', 15600, 240, 8, 232, ''),
(1776, 3, 'NGT 8 TERUMO', 20200, 150, 44, 106, ''),
(1777, 3, 'NGT3,5 TERUMO (ASKES)', 20200, 450, 56, 394, ''),
(1778, 3, 'NICHOLIN 100 MG ', 123900, 200, 47, 153, ''),
(1779, 3, 'NICHOLIN 250 MG ', 257700, 175, 75, 100, ''),
(1780, 3, 'NIFEDIN ', 78500, 100, 48, 52, ''),
(1781, 3, 'NIFEDIPIN 10 TAB*', 200, 120, 57, 63, ''),
(1782, 3, 'NINDIA DROPS', 43000, 140, 43, 97, ''),
(1783, 3, 'NISTATIN TAB VAGINAL 100.000 IU*', 350, 180, 3, 177, ''),
(1784, 3, 'NIXAVEN 100', 255000, 360, 8, 352, ''),
(1785, 3, 'OBH NELCO ANAK 55 ML ', 21800, 390, 45, 345, ''),
(1786, 3, 'OBH NELCO SPESIAL 100 ML', 15000, 150, 32, 118, ''),
(1787, 3, 'OBH SYR 100ML*', 1500, 320, 56, 264, ''),
(1788, 3, 'OBH SYR 200ML*', 2800, 500, 78, 422, ''),
(1789, 3, 'OBIMIN AF TAB', 1300, 400, 40, 360, ''),
(1790, 3, 'OCTALBIN INJ 20% 100ML', 1980000, 300, 58, 242, ''),
(1791, 3, 'OCTALBIN INJ 20% 50ML', 750000, 320, 39, 281, ''),
(1792, 3, 'OCTALBIN INJ 25% 100ML', 2376000, 390, 90, 300, ''),
(1793, 3, 'OCULEX 60ML SYR', 46200, 150, 32, 118, ''),
(1794, 3, 'OCUSON TAB', 1400, 450, 45, 405, ''),
(1795, 3, 'OFLOXACIN 200 TAB*', 750, 200, 47, 153, ''),
(1796, 3, 'OFLOXACIN 400 TAB*', 1100, 175, 32, 143, ''),
(1797, 3, 'OKSITETRASIKLIN 1% 3,5GR EO*', 1650, 100, 66, 34, ''),
(1798, 3, 'OLMETEC 20 MG ', 546200, 120, 57, 63, ''),
(1799, 3, 'OLMETEC 40 MG ', 668000, 140, 43, 97, ''),
(1800, 3, 'OSPAMOX 500 ', 247600, 300, 3, 297, ''),
(1801, 3, 'OSPAMOX DROP ', 28000, 150, 8, 142, ''),
(1802, 3, 'OSPEN 625 TAB', 1900, 140, 43, 97, ''),
(1803, 3, 'OSSOFIT PLUS SACHET', 11000, 120, 76, 44, ''),
(1804, 3, 'OSSOPAN 200 ', 108500, 100, 80, 20, ''),
(1805, 3, 'OSSOPAN 800 ', 371495, 125, 88, 37, ''),
(1806, 3, 'OSSORAL 200 ', 114800, 500, 56, 444, ''),
(1807, 3, 'OSSORAL 800', 344000, 400, 98, 302, ''),
(1808, 3, 'OSTARIN 200 MG', 700, 300, 32, 268, ''),
(1809, 3, 'OSTARIN 400 MG', 850, 320, 7, 313, ''),
(1810, 3, 'PANADOL SYRUP 30 ML ', 28800, 175, 18, 157, ''),
(1811, 3, 'PANSO 40MG INJ', 148500, 100, 23, 77, ''),
(1812, 3, 'PANTOPUMP INJ', 137500, 120, 45, 75, ''),
(1813, 3, 'PARAMEX ', 2000, 140, 48, 92, ''),
(1814, 3, 'PARAMEX FLU DAN BATUK ', 2800, 180, 57, 123, ''),
(1815, 3, 'PARAMEX NYERI OTOT ', 2200, 360, 43, 317, ''),
(1816, 3, 'PARASETAMOL 120/5ML SYR 60ML*', 3000, 280, 3, 277, ''),
(1817, 3, 'PIRACETAM 1G/5ML INJ*', 7600, 220, 44, 176, ''),
(1818, 3, 'PIRACETAM 3G/15ML INJ*', 23800, 175, 56, 119, ''),
(1819, 3, 'PIRACETAM 400 TAB*', 600, 150, 47, 103, ''),
(1820, 3, 'PIRACETAM 800 ', 56000, 125, 75, 50, ''),
(1821, 3, 'PIRACETAM 800 TAB*', 2000, 425, 48, 377, ''),
(1822, 3, 'PIRACETAM INF 60ML', 92400, 220, 57, 163, ''),
(1823, 3, 'PIRACETAM SYR 100ML', 19800, 260, 43, 217, ''),
(1824, 3, 'PIRALEN 5MG/ML INJ 2ML', 3400, 240, 3, 237, ''),
(1825, 3, 'PIRALEN SYR 60ML', 3900, 290, 8, 282, ''),
(1826, 3, 'PIRALEN TAB', 650, 270, 43, 227, ''),
(1827, 3, 'PIRANTEL PAMOAT 125 TAB*', 250, 300, 76, 224, ''),
(1828, 3, 'PIRAZINAMID 500 TAB*', 300, 150, 80, 70, ''),
(1829, 3, 'PIRIDOKSIN HCL 10 TAB*', 50, 140, 88, 52, ''),
(1830, 3, 'PIRIDOKSIN HCL INJ 1ML', 1100, 120, 56, 64, ''),
(1831, 3, 'PIROFEL 10 ', 58000, 150, 98, 52, ''),
(1832, 3, 'POLIDEMISIN EYE DROP', 30000, 425, 40, 385, ''),
(1833, 3, 'POLYCROL', 30000, 220, 30, 190, ''),
(1834, 3, 'POLYCROL FORTE', 168000, 260, 67, 193, ''),
(1835, 3, 'POLYPROPYLENE 3/0', 127150, 240, 65, 175, ''),
(1836, 3, 'PONCOFEN TAB', 1500, 290, 54, 236, ''),
(1837, 3, 'PONCONEURON', 12850, 270, 58, 212, ''),
(1838, 3, 'PONDEX FORTE', 59000, 300, 39, 261, ''),
(1839, 3, 'PONDEX SYRUP', 50000, 150, 90, 60, ''),
(1840, 3, 'POSPARGIN TAB', 700, 140, 32, 108, ''),
(1841, 3, 'POSTOVIT', 195000, 120, 45, 75, ''),
(1842, 3, 'POSTOVIT TABLET', 2650, 100, 47, 53, ''),
(1843, 3, 'PRALAX SYR', 50200, 125, 32, 93, ''),
(1844, 3, 'PRATROPIL 200MG/ML INJ 5ML', 13200, 500, 66, 434, ''),
(1845, 3, 'PRATROPIL INF', 171600, 400, 3, 397, ''),
(1846, 3, 'PRATROPIL KAPSUL', 1850, 300, 8, 292, ''),
(1847, 3, 'PRODEXON', 354000, 220, 80, 140, ''),
(1848, 3, 'PROPYRETIC 240 SUPPO', 8600, 180, 47, 133, ''),
(1849, 3, 'PROPYRETIC 80 SUPPO', 7600, 360, 32, 328, ''),
(1850, 3, 'PROSOGAN', 19500, 280, 66, 214, ''),
(1851, 3, 'PROSPAN SYRUP', 335000, 220, 3, 217, ''),
(1852, 3, 'PROSTACOM TAB', 10650, 175, 8, 167, ''),
(1853, 3, 'PROSTER TABLET', 10900, 150, 44, 106, ''),
(1854, 3, 'PROTEXIN INFANT', 15000, 125, 56, 69, ''),
(1855, 3, 'Q-CEF 500 MG TAB', 11700, 120, 67, 53, ''),
(1856, 3, 'Q-CEF SYR', 48200, 100, 65, 35, ''),
(1857, 3, 'QIDROX 500MG KAP', 10600, 125, 54, 71, ''),
(1858, 3, 'QIDROX DS', 44900, 500, 58, 442, ''),
(1859, 3, 'QIDROX FORTE DS', 76600, 400, 39, 361, ''),
(1860, 3, 'QINOX TABLET', 13100, 300, 90, 210, ''),
(1861, 3, 'QUININE 222 TAB', 500, 320, 32, 288, ''),
(1862, 3, 'RACEF INJ', 220000, 390, 45, 345, ''),
(1863, 3, 'RAFACORT 4 MG', 3300, 150, 47, 103, ''),
(1864, 3, 'RAMOLIT', 265000, 320, 32, 288, ''),
(1865, 3, 'RANITIDIN 150 TAB*', 350, 390, 66, 324, ''),
(1866, 3, 'RANITIDIN INJ 50MG/2ML 2ML*', 4000, 150, 57, 93, ''),
(1867, 3, 'RANIVEL SYR 60 ML', 58500, 450, 43, 407, ''),
(1868, 3, 'RANTIN TAB', 5300, 200, 3, 197, ''),
(1869, 3, 'RATINAL INJ', 19800, 175, 8, 167, ''),
(1870, 3, 'RATINAL TAB', 4500, 100, 43, 57, ''),
(1871, 3, 'RATIVOL INJ', 42500, 120, 76, 44, ''),
(1872, 3, 'REBAL PLUS KAP', 2500, 140, 80, 60, ''),
(1873, 3, 'RECO 1% TM 5ML', 4800, 180, 88, 92, ''),
(1874, 3, 'RECO EYE DROPS 10 ML', 7000, 360, 56, 304, ''),
(1875, 3, 'RECOFOL INJ', 106900, 280, 98, 182, ''),
(1876, 3, 'RECUSTEIN KAPSUL', 3650, 220, 32, 188, ''),
(1877, 3, 'RETIVIT KAP', 3700, 450, 8, 442, ''),
(1878, 3, 'RETIVIT PLUS KAP', 7000, 200, 43, 157, ''),
(1879, 3, 'REUCID 100 MG TAB', 830, 175, 76, 99, ''),
(1880, 3, 'REVER CREAM', 110000, 100, 80, 20, ''),
(1881, 3, 'REVOLAC 30MG INJ', 33000, 120, 88, 32, ''),
(1882, 3, 'REVOLAN 1 GR INJ', 18900, 140, 56, 84, ''),
(1883, 3, 'REVOLAN 3 GR INJ', 62200, 180, 98, 82, ''),
(1884, 3, 'REVOLAN 400 MG', 2500, 360, 76, 284, ''),
(1885, 3, 'REVOLAN 800 MG', 4300, 280, 80, 200, ''),
(1886, 3, 'RHETOFLAM GEL 20MG', 33000, 220, 88, 132, ''),
(1887, 3, 'RHINOFED SYR 60 ML', 30000, 175, 56, 119, ''),
(1888, 3, 'RHINOS JUNIOR', 35000, 150, 98, 52, ''),
(1889, 3, 'RHINOS NEO DROP 10ML', 52000, 125, 32, 93, ''),
(1890, 3, 'SERFAC 500 INJ', 58500, 300, 56, 244, ''),
(1891, 3, 'SERLOF 50MG TAB', 14700, 150, 98, 52, ''),
(1892, 3, 'SERUM ANTI TETANUS (KUDA) 1500 IU', 99800, 140, 90, 50, ''),
(1893, 3, 'SHAROX 750MG INJ', 60800, 120, 32, 88, ''),
(1894, 3, 'SIANOKOBALAMIN/VIT.B12 INJ 500MCG/ML 1ML*', 800, 100, 45, 55, ''),
(1895, 3, 'SIANOKOBALAMIN/VIT.B12 TAB*', 50, 125, 47, 78, ''),
(1896, 3, 'SILADEX DMP 100 ML', 21000, 500, 32, 468, ''),
(1897, 3, 'SILADEX DMP 60 ML', 17000, 400, 65, 335, ''),
(1898, 3, 'SILADEX ME (EXP) 100 ML', 19000, 300, 74, 226, ''),
(1899, 3, 'SIMARC TAB', 600, 290, 34, 256, ''),
(1900, 3, 'SPUIT 10CC', 5000, 400, 43, 357, ''),
(1901, 3, 'SPUIT 10CC TERUMO', 6000, 300, 76, 224, ''),
(1902, 3, 'SPUIT 1CC TERUMO', 5000, 120, 88, 32, ''),
(1903, 3, 'TRAMUS 1% INJ 5ML', 85800, 220, 30, 190, ''),
(1904, 3, 'TRANEXID INJ 250MG/5ML 5%', 3600, 260, 67, 193, ''),
(1905, 3, 'TRANEXID INJ 500MG/5ML 10%', 5250, 240, 65, 175, ''),
(1906, 3, 'TRANFUSION SET TERUMO', 30500, 290, 54, 236, ''),
(1907, 3, 'TRANSBRONCHO 15MG/5ML SYR 100ML', 15600, 270, 58, 212, ''),
(1908, 3, 'TRANSBRONCHO 30 TAB', 760, 300, 39, 261, ''),
(1909, 3, 'TRANSFUSI SET', 33400, 150, 90, 60, ''),
(1910, 3, 'TRANSFUSI SET DOUBLE BAG', 26400, 140, 32, 108, ''),
(1911, 3, 'TRANSFUSI SET HOSPITEC', 11500, 120, 45, 75, ''),
(1912, 3, 'TRAZEP RECTAL', 23800, 100, 47, 53, ''),
(1913, 3, 'TREMENZA SYR', 17000, 125, 32, 93, ''),
(1914, 3, 'TREMENZA TAB', 1700, 500, 66, 434, ''),
(1915, 3, 'TRENAT 100 MG INJ', 15900, 400, 3, 397, ''),
(1916, 3, 'TRENTAL 400 MG', 343000, 300, 8, 292, ''),
(1917, 3, 'TROVENSIS 8 ML INJ', 74450, 290, 43, 247, ''),
(1918, 3, 'TRUVAZ 10 MG', 14550, 270, 3, 267, ''),
(1919, 3, 'TRUVAZ 20 MG', 14550, 300, 8, 292, ''),
(1920, 3, 'TURSINA', 31000, 150, 3, 147, ''),
(1921, 3, 'TUTOFUSIN OPS INF 500ML', 54150, 140, 8, 132, ''),
(1922, 3, 'TWINRIX 1 ML PFS', 309000, 120, 43, 77, ''),
(1923, 3, 'TYASON INJ', 223600, 150, 76, 74, ''),
(1924, 3, 'UBITINE', 175000, 125, 80, 45, ''),
(1925, 3, 'ULCERANIN INJ', 19800, 425, 88, 337, ''),
(1926, 3, 'ULCERANIN TAB', 4400, 220, 56, 164, ''),
(1927, 3, 'ULCRON', 3000, 260, 98, 162, ''),
(1928, 3, 'ULCUMET INJ 100MG/ML 2ML', 4650, 240, 32, 208, ''),
(1929, 3, 'ULSAFATE 100 ML SYR', 46200, 150, 7, 143, ''),
(1930, 3, 'ULSAFATE 200 ML SYR', 87150, 450, 5, 445, ''),
(1931, 3, 'ULSIDEX 500 TAB', 350, 200, 18, 182, ''),
(1932, 3, 'ULSIKUR INJ 100MG/ML 2ML', 4650, 175, 23, 152, ''),
(1933, 3, 'ULTRAFIX 10CM/M', 25700, 100, 45, 55, ''),
(1934, 3, 'ULTRAFIX 15CM/M', 35600, 120, 32, 88, ''),
(1935, 3, 'UNALIUM 10MG TAB', 8400, 140, 56, 84, ''),
(1936, 3, 'WIACID INJEKSI', 60000, 240, 80, 160, ''),
(1937, 3, 'WIAM', 14000, 290, 88, 202, ''),
(1938, 3, 'WIROS 20 MG TAB', 300, 270, 56, 214, ''),
(1939, 3, 'WOUNDRES B 10X10', 74000, 300, 98, 202, ''),
(1940, 3, 'WOUNDRES F 5X5', 99000, 150, 32, 118, ''),
(1941, 3, 'WOUNDRES N 10X10', 84500, 140, 7, 133, ''),
(1942, 3, 'XEPABET', 18000, 120, 5, 115, ''),
(1943, 3, 'XEPABION', 381000, 100, 18, 82, ''),
(1944, 3, 'XEPAVIT', 35000, 125, 23, 102, ''),
(1945, 3, 'X-FLAM 50MG TAB', 2480, 500, 45, 455, ''),
(1946, 3, 'XIDANE', 8800, 400, 32, 368, ''),
(1947, 3, 'ZIN-PRO SYR', 33000, 500, 32, 468, ''),
(1948, 3, 'ZISTIC 250', 226000, 400, 56, 344, ''),
(1949, 3, 'ZISTIC 500', 400000, 300, 78, 222, ''),
(1950, 3, 'ZOLESCO', 15800, 320, 40, 280, ''),
(1951, 3, 'ZYLORIC 100', 45000, 390, 30, 360, ''),
(1952, 3, 'ZYLORIC 300', 125500, 150, 67, 83, ''),
(2104, 4, 'ABBOTIC 250', 322500, 50, 34, 16, ''),
(2105, 4, 'ABBOTIC XL 500', 60000, 75, 5, 70, ''),
(2106, 4, 'ABILIFY 10 MG', 310000, 200, 6, 194, ''),
(2107, 4, 'ABILIFY 15 MG', 325000, 125, 33, 92, ''),
(2108, 4, 'ANDONEX 100 ML', 30000, 350, 36, 314, ''),
(2109, 4, 'ANDONEX 60 ML', 23500, 400, 31, 369, ''),
(2110, 4, 'ANPIRIDE TAB', 4900, 60, 24, 36, ''),
(2111, 4, 'ANTALGIN 500 TAB*', 200, 80, 27, 53, ''),
(2112, 4, 'ANTALGIN INJ 250MG/ML', 650, 70, 29, 41, ''),
(2113, 4, 'ANTANGIN FIT', 26000, 90, 41, 49, ''),
(2114, 4, 'ANTANGIN JRG', 40500, 200, 44, 156, ''),
(2115, 4, 'ANTANGIN JUNIOR SYRUP', 13000, 400, 1, 399, ''),
(2116, 4, 'ANTANGIN PERMEN ', 25000, 75, 2, 73, ''),
(2117, 4, 'ANTASIDA SYR 60ML*', 5000, 50, 6, 44, ''),
(2118, 4, 'ANTASIDA TAB*', 300, 300, 7, 293, ''),
(2119, 4, 'ANTIMO ', 4500, 75, 34, 41, ''),
(2120, 4, 'ANTIMO ANAK', 14600, 100, 5, 95, ''),
(2121, 4, 'ANVOMER B6 TAB', 2000, 250, 6, 244, ''),
(2122, 4, 'APIALYS 100ML SYR', 34500, 80, 33, 47, ''),
(2123, 4, 'APIALYS DROP', 38000, 80, 21, 59, ''),
(2124, 4, 'BIOLYSIN KID', 16000, 80, 29, 51, ''),
(2125, 4, 'BIOLYSIN SMART 100 ML', 17600, 375, 41, 334, ''),
(2126, 4, 'BIOLYSIN TABLET ', 5400, 350, 44, 306, ''),
(2127, 4, 'BIONECT CREAM', 108900, 400, 1, 399, ''),
(2128, 4, 'BIOPLACENTOM 15 GR', 16000, 60, 2, 58, ''),
(2129, 4, 'BIOSANBE TAB', 1100, 80, 6, 74, ''),
(2130, 4, 'BIOSTRUM SYR', 57000, 70, 7, 63, ''),
(2131, 4, 'BIOTHICOL 250 ', 3000, 90, 34, 56, ''),
(2132, 4, 'BIOTHICOL 500 ', 5200, 200, 5, 195, ''),
(2133, 4, 'BIOTHICOL SYR', 31200, 400, 6, 394, ''),
(2134, 4, 'BIOXON INJ', 234000, 75, 33, 42, ''),
(2135, 4, 'BISOLVON 2MG/ML INJ 2ML', 41100, 50, 21, 29, ''),
(2136, 4, 'BISOLVON 8MG TABLET', 1350, 300, 40, 260, ''),
(2137, 4, 'BISOLVON EXTRA SYR 60 ML', 25750, 75, 41, 34, ''),
(2138, 4, 'BISOLVON FLU SYR 60 ML', 26900, 100, 47, 53, ''),
(2139, 4, 'BISOPROLOL 5 TAB', 3000, 250, 48, 202, ''),
(2140, 4, 'BLECIDEX EYE/EAR DROP', 42200, 80, 36, 44, ''),
(2141, 4, 'BODREX EXTRA', 90000, 80, 31, 49, ''),
(2142, 4, 'BODREX EXTRA STRIP', 4000, 90, 24, 66, ''),
(2143, 4, 'BODREX FB BERDAHAK SYRUP', 12600, 60, 27, 33, ''),
(2144, 4, 'BODREX FB TIDAK BERDAHAK SYRUP', 12600, 50, 29, 21, ''),
(2145, 4, 'BODREX FLU BATUK BERDAHAK', 2100, 75, 41, 34, ''),
(2146, 4, 'BODREX FLU DAN BATUK BIRU', 20000, 50, 44, 6, ''),
(2147, 4, 'BODREX HERBAL SAKIT KEPALA', 12000, 300, 1, 299, ''),
(2148, 4, 'BODREX MIGRA', 2300, 75, 2, 73, ''),
(2149, 4, 'BODREXIN ', 5500, 100, 6, 94, ''),
(2150, 4, 'BODREXIN DEMAM SYRUP', 12500, 250, 7, 243, ''),
(2151, 4, 'BODREXIN DEMAM SYRUP 30 ML ', 8000, 80, 34, 46, ''),
(2152, 4, 'BODREXIN FLU DAN BATUK SYR 56', 10000, 80, 5, 75, ''),
(2153, 4, 'BODREXIN PILEK ALERGI', 11600, 90, 6, 84, ''),
(2154, 4, 'BORAGINOL S CREAM', 69000, 60, 33, 27, ''),
(2155, 4, 'BRALIFEX EYE DROP', 54000, 50, 21, 29, ''),
(2156, 4, 'CLINDAMYCINE 300', 1000, 80, 3, 77, ''),
(2157, 4, 'CLOPIDOGREL 75MG TAB', 12500, 90, 21, 69, ''),
(2158, 4, 'CO AMOXICLAV 625 MG*', 6400, 60, 22, 38, ''),
(2159, 4, 'COBAZIM 1000 TAB', 3200, 50, 43, 7, ''),
(2160, 4, 'COBAZIM 3000 TAB', 5700, 400, 32, 368, ''),
(2161, 4, 'COLME 8MG DROP TM', 24000, 300, 33, 267, ''),
(2162, 4, 'COLME 8MG DROP TT', 26500, 100, 40, 60, ''),
(2163, 4, 'COMBANTRIN 125', 18300, 250, 41, 209, ''),
(2164, 4, 'COMBANTRIN 250 ', 18900, 90, 47, 43, ''),
(2165, 4, 'COMBANTRIN JERUK ', 22000, 60, 48, 12, ''),
(2166, 4, 'COMBI KIDS', 19800, 50, 36, 14, ''),
(2167, 4, 'DEXTAFEN KAP', 1600, 300, 27, 273, ''),
(2168, 4, 'DEXTAMINE TAB', 2500, 75, 29, 46, ''),
(2169, 4, 'DULCOLAX 5 TAB', 1500, 100, 33, 67, ''),
(2170, 4, 'DULCOLAX SUP 10 MG', 20000, 250, 40, 210, ''),
(2171, 4, 'DULCOLAX SUP 5 MG ', 17500, 80, 41, 39, ''),
(2172, 4, 'ECLID 100', 3700, 80, 47, 33, ''),
(2173, 4, 'ECLID 50', 2000, 90, 48, 42, ''),
(2174, 4, 'EFEDRIN 25 TAB*', 50, 60, 36, 24, ''),
(2175, 4, 'EKINASE TAB', 1350, 50, 31, 19, ''),
(2176, 4, 'ELASTIC BAND 10CM', 76000, 400, 24, 376, ''),
(2177, 4, 'ELASTIC BAND 15CM', 99000, 300, 27, 273, ''),
(2178, 4, 'ERYSANBE 500MG', 3100, 50, 44, 6, ''),
(2179, 4, 'ERYSANBE SYR', 25000, 400, 1, 399, ''),
(2180, 4, 'ERYTRIN SYR 60 ML', 36000, 300, 2, 298, ''),
(2181, 4, 'ESCOVIT TAB', 9000, 400, 6, 394, ''),
(2182, 4, 'ETABION ', 3500, 60, 7, 53, ''),
(2183, 4, 'ETASON INJ', 7600, 80, 34, 46, ''),
(2184, 4, 'FARSORBID 5 TAB', 100, 375, 21, 354, ''),
(2185, 4, 'FARTOLIN SYRUP', 48500, 350, 43, 307, ''),
(2186, 4, 'FASIDOL DROP ', 18400, 400, 21, 379, ''),
(2187, 4, 'FASIDOL SYRUP', 7000, 60, 2, 58, ''),
(2188, 4, 'FASIDOL TABLET', 2750, 80, 21, 59, ''),
(2189, 4, 'FASTALGIN', 38000, 70, 22, 48, ''),
(2190, 4, 'FASTOR 10 MG', 17000, 90, 25, 65, ''),
(2191, 4, 'FASTOR 20 MG', 21400, 200, 3, 197, ''),
(2192, 4, 'FENRIS SYR 60 ML', 22000, 250, 21, 229, ''),
(2193, 4, 'FEROFORT KAPLET', 1700, 225, 22, 203, ''),
(2194, 4, 'FEROKID SYR', 42000, 70, 43, 27, ''),
(2195, 4, 'INTERZINC SYR', 26400, 80, 41, 39, ''),
(2196, 4, 'INTERZOL CREAM', 25500, 70, 44, 26, ''),
(2197, 4, 'INTERZOL TAB', 6300, 90, 1, 89, ''),
(2198, 4, 'INTIFEN', 2900, 200, 2, 198, ''),
(2199, 4, 'INTRIZIN SYR', 63500, 250, 6, 244, ''),
(2200, 4, 'INTRIZIN TAB', 5000, 225, 7, 218, ''),
(2201, 4, 'INVICLOT INJ 5000 IU/ML 5ML*', 30600, 70, 34, 36, ''),
(2202, 4, 'INVOMIT 4MG INJ', 37500, 500, 5, 495, ''),
(2203, 4, 'INVOMIT 4MG TAB', 19200, 450, 6, 444, ''),
(2204, 4, 'INVOMIT 8MG INJ', 72600, 400, 33, 367, ''),
(2205, 4, 'INVOMIT 8MG TAB', 27900, 75, 21, 54, ''),
(2206, 4, 'INZANA', 1000, 50, 11, 39, ''),
(2207, 4, 'INZANA MASUK ANGIN', 1200, 75, 16, 59, ''),
(2208, 4, 'IRBESARTAN 150 MG*', 2500, 200, 18, 182, ''),
(2209, 4, 'IRBESARTAN 300 MG*', 4800, 125, 21, 104, ''),
(2210, 4, 'IRBOSYD 135 MG', 4200, 300, 43, 257, ''),
(2211, 4, 'IREMAX TAB', 1000, 75, 32, 43, ''),
(2212, 4, 'KOMIX HERBAL ORI PACK ', 50000, 70, 33, 37, ''),
(2213, 4, 'KOMIX KID', 1100, 90, 40, 50, ''),
(2214, 4, 'KONIDIN SYR', 13000, 200, 41, 159, ''),
(2215, 4, 'KONIDIN SYR 30 ML', 8700, 250, 47, 203, ''),
(2216, 4, 'KONIDIN TAB ', 2700, 225, 48, 177, ''),
(2217, 4, 'KOTRIMOKSAZOL DWS TAB*', 250, 70, 36, 34, ''),
(2218, 4, 'KOTRIMOKSAZOL SYR 60ML*', 5800, 500, 31, 469, ''),
(2219, 4, 'KUTOIN 100 TAB', 300, 450, 24, 426, ''),
(2220, 4, 'LANOVIT TAB', 1200, 90, 7, 83, ''),
(2221, 4, 'LANSOPRAZOLE 30 TAB*', 2000, 200, 34, 166, ''),
(2222, 4, 'LAPIBAL 250', 2000, 400, 5, 395, ''),
(2223, 4, 'LAPIBAL 500 ', 3300, 75, 6, 69, ''),
(2224, 4, 'LAPIBAL 500 TAB', 2500, 50, 33, 17, ''),
(2225, 4, 'LAPIBAL INJ', 25750, 300, 21, 279, ''),
(2226, 4, 'LAPIBION ', 18200, 75, 11, 64, ''),
(2227, 4, 'LAPIBROZ 600', 5000, 100, 33, 67, ''),
(2228, 4, 'LAPICEF 250 ', 7000, 250, 40, 210, ''),
(2229, 4, 'LAPICEF 250 SYR', 91000, 80, 41, 39, ''),
(2230, 4, 'LAPICEF 500 ', 14700, 80, 47, 33, ''),
(2231, 4, 'LAPICEF 500 MG CAPS', 13300, 90, 48, 42, ''),
(2232, 4, 'LAPICEF SYR', 56500, 60, 36, 24, ''),
(2233, 4, 'LAPICEF SYRUP 125', 112000, 50, 31, 19, ''),
(2234, 4, 'LAPICEF SYRUP 250 MG ', 118000, 75, 24, 51, ''),
(2235, 4, 'LAPIFLOX 500 TAB', 15200, 50, 27, 23, ''),
(2236, 4, 'LAPIMOX 500 MG', 3100, 300, 29, 271, ''),
(2237, 4, 'LAPIXIME INJ', 151800, 75, 41, 34, ''),
(2238, 4, 'LAPRAZ TAB', 14000, 100, 44, 56, ''),
(2239, 4, 'LARYNGOSCOPE DEWASA', 6930000, 250, 1, 249, ''),
(2240, 4, 'LASAL 2 MG', 1400, 80, 2, 78, ''),
(2241, 4, 'LASAL EXP SYR', 42500, 80, 6, 74, ''),
(2242, 4, 'MELOXICAM 15 SUPPO*', 9250, 80, 6, 74, ''),
(2243, 4, 'MELOXICAM 15 TAB*', 2000, 90, 33, 57, ''),
(2244, 4, 'MELOXICAM 7,5 TAB*', 1200, 60, 21, 39, ''),
(2245, 4, 'MELOXIN 15 MG TAB', 9800, 50, 11, 39, ''),
(2246, 4, 'MELOXIN 7,5 MG TAB', 5950, 400, 16, 384, ''),
(2247, 4, 'METILERGOMETRIN 0,125 TAB*', 150, 300, 44, 256, ''),
(2248, 4, 'METILERGOMETRIN INJ 0,200MG/ML*', 1950, 100, 1, 99, ''),
(2249, 4, 'METOKLOPRAMID 10 TAB*', 100, 50, 2, 48, ''),
(2250, 4, 'METOKLOPRAMID 5 TAB*', 100, 75, 6, 69, ''),
(2251, 4, 'METOKLOPRAMID INJ 5MG/ML 2ML*', 1100, 200, 7, 193, ''),
(2252, 4, 'METOKLOPRAMID SYR 60ML*', 2400, 125, 34, 91, ''),
(2253, 4, 'METOLON', 15000, 300, 5, 295, ''),
(2254, 4, 'METOLON DROP ', 9700, 75, 6, 69, ''),
(2255, 4, 'METOLON INJ', 6600, 100, 33, 67, ''),
(2256, 4, 'METOLON SYRUP', 15000, 250, 21, 229, ''),
(2257, 4, 'METRIX 2MG TAB', 5000, 80, 11, 69, ''),
(2258, 4, 'METRIX 3MG TAB', 6500, 80, 16, 64, ''),
(2259, 4, 'METRIX 4MG TAB', 7800, 90, 18, 72, ''),
(2260, 4, 'METRONIDAZOL 500 TAB*', 300, 60, 16, 44, ''),
(2261, 4, 'METRONIDAZOL INF 5MG/ML 100ML*', 26400, 50, 18, 32, ''),
(2262, 4, 'MEVACHOL 10 MG ', 10900, 400, 21, 379, ''),
(2263, 4, 'MEVACHOL 20 MG ', 12800, 300, 43, 257, ''),
(2264, 4, 'MEXPHARM 15 SUPP', 8650, 350, 32, 318, ''),
(2265, 4, 'MEXPHARM 15 TAB', 1000, 50, 33, 17, ''),
(2266, 4, 'MEXPHARM 7,5 TAB', 950, 75, 1, 74, ''),
(2267, 4, 'MEYLON INJ 8,4% 25ML', 9900, 75, 2, 73, ''),
(2268, 4, 'MGSO4 20% INJ 20 ML*', 2200, 55, 6, 49, ''),
(2269, 4, 'NEUROBION 5000', 306000, 80, 41, 39, ''),
(2270, 4, 'NEUROBION 5000 INJ', 6600, 375, 44, 331, ''),
(2271, 4, 'NEUROBION 5000 TAB', 2600, 350, 1, 349, ''),
(2272, 4, 'NEUROBION INJEKSI', 81800, 400, 2, 398, ''),
(2273, 4, 'NEUROBION TABLET ', 123000, 300, 6, 294, ''),
(2274, 4, 'NEURODEX TAB', 550, 50, 7, 43, ''),
(2275, 4, 'NEUROLIN 250 MG INJ', 23100, 75, 34, 41, ''),
(2276, 4, 'NEUROSANBE 5000 TABLET', 2500, 200, 5, 195, ''),
(2277, 4, 'NEUROSANBE INJ', 5350, 125, 6, 119, ''),
(2278, 4, 'NEUROSANBE PLUS KAP', 1100, 300, 33, 267, ''),
(2279, 4, 'NEUROSANBE TAB', 1150, 75, 21, 54, ''),
(2280, 4, 'NEUROTAM 1 GR ', 204000, 100, 34, 66, ''),
(2281, 4, 'NEW DIATAB', 1000, 50, 7, 43, ''),
(2282, 4, 'NEXIUM 20 ', 684755, 75, 34, 41, ''),
(2283, 4, 'NEXIUM 40 ', 422000, 75, 5, 70, ''),
(2284, 4, 'NEXIUM INJ', 155800, 55, 6, 49, ''),
(2285, 4, 'NEXIUM TAB', 3800, 80, 33, 47, ''),
(2286, 4, 'NGT 10', 26200, 375, 21, 354, ''),
(2287, 4, 'NGT 12', 18000, 350, 11, 339, ''),
(2288, 4, 'NGT 12 TERUMO', 26200, 400, 16, 384, ''),
(2289, 4, 'NGT 14', 28750, 60, 6, 54, ''),
(2290, 4, 'NGT 16 TERUMO', 26200, 80, 33, 47, ''),
(2291, 4, 'NGT 18', 23800, 70, 21, 49, ''),
(2292, 4, 'NGT 3,5', 28400, 90, 3, 87, ''),
(2293, 4, 'NGT 5', 20200, 200, 21, 179, ''),
(2294, 4, 'NGT 5 TERUMO', 26200, 250, 43, 207, ''),
(2295, 4, 'NGT 6', 15600, 225, 21, 204, ''),
(2296, 4, 'NGT 8', 15600, 70, 2, 68, ''),
(2297, 4, 'NGT 8 TERUMO', 20200, 500, 21, 479, ''),
(2298, 4, 'NGT3,5 TERUMO (ASKES)', 20200, 450, 22, 428, ''),
(2299, 4, 'NICHOLIN 100 MG ', 123900, 400, 25, 375, ''),
(2300, 4, 'NICHOLIN 250 MG ', 257700, 75, 3, 72, ''),
(2301, 4, 'NIFEDIN ', 78500, 50, 21, 29, ''),
(2302, 4, 'NIFEDIPIN 10 TAB*', 200, 75, 22, 53, ''),
(2303, 4, 'NOPERTEN 10 ', 48000, 80, 6, 74, ''),
(2304, 4, 'NOPERTEN 10 TAB', 1200, 70, 7, 63, ''),
(2305, 4, 'NOPERTEN 10MG TAB', 1200, 90, 34, 56, ''),
(2306, 4, 'NOPERTEN 5 MG ', 109000, 200, 5, 195, ''),
(2307, 4, 'NOPERTEN 5 TAB', 750, 250, 6, 244, ''),
(2308, 4, 'NOPERTEN 5MG TAB', 750, 225, 33, 192, ''),
(2309, 4, 'NOPRIL 10 TAB', 1350, 70, 21, 49, ''),
(2310, 4, 'NORELUT 5 TAB', 4350, 500, 40, 460, ''),
(2311, 4, 'NORESTIL TAB', 4900, 450, 41, 409, ''),
(2312, 4, 'NORFLAM KAPSUL', 2900, 400, 47, 353, ''),
(2313, 4, 'OBH SYR 100ML*', 1500, 60, 22, 38, ''),
(2314, 4, 'OBH SYR 200ML*', 2800, 80, 25, 55, ''),
(2315, 4, 'OBIMIN AF TAB', 1300, 70, 3, 67, ''),
(2316, 4, 'OCTALBIN INJ 20% 100ML', 1980000, 90, 21, 69, ''),
(2317, 4, 'OCTALBIN INJ 20% 50ML', 750000, 200, 43, 157, ''),
(2318, 4, 'OCTALBIN INJ 25% 100ML', 2376000, 400, 21, 379, ''),
(2319, 4, 'OCULEX 60ML SYR', 46200, 75, 2, 73, ''),
(2320, 4, 'OCUSON TAB', 1400, 50, 21, 29, ''),
(2321, 4, 'OFLOXACIN 200 TAB*', 750, 300, 22, 278, ''),
(2322, 4, 'OFLOXACIN 400 TAB*', 1100, 75, 25, 50, ''),
(2323, 4, 'OKSITETRASIKLIN 1% 3,5GR EO*', 1650, 100, 3, 97, ''),
(2324, 4, 'OLMETEC 20 MG ', 546200, 250, 21, 229, ''),
(2325, 4, 'OLMETEC 40 MG ', 668000, 80, 22, 58, ''),
(2326, 4, 'OLMETEC PLUS 20 MG ', 471000, 80, 43, 37, ''),
(2327, 4, 'PELASTIN 1G INJ', 264000, 50, 2, 48, ''),
(2328, 4, 'PEN NEEDLE', 2500, 300, 6, 294, ''),
(2329, 4, 'PENBIOTIC INJ 1000MG/VIAL ', 6600, 75, 7, 68, ''),
(2330, 4, 'PENTOTHAL SOL', 68400, 100, 34, 66, ''),
(2331, 4, 'PENTOXYFILLIN INJ 300MG/15ML*', 19950, 250, 5, 245, ''),
(2332, 4, 'PEPTOVEL 100 ML ', 68000, 80, 6, 74, ''),
(2333, 4, 'PEPTOVEL 200 ML ', 92000, 80, 33, 47, ''),
(2334, 4, 'PEPZOL 20 MG ', 165000, 90, 21, 69, ''),
(2335, 4, 'PEPZOL 40 MG ', 218000, 60, 11, 49, ''),
(2336, 4, 'PERDERM 10 GR ', 70000, 50, 16, 34, ''),
(2337, 4, 'PERDERM 5 GR ', 48000, 75, 18, 57, ''),
(2338, 4, 'PERDIPINE INJ', 164000, 50, 21, 29, ''),
(2339, 4, 'PETHIDIN INJ 50MG/ML 2ML*', 15200, 300, 43, 257, ''),
(2340, 4, 'PHARFLOX 200 ', 318000, 75, 32, 43, ''),
(2341, 4, 'PHARFLOX 400 ', 530000, 100, 33, 67, ''),
(2342, 4, 'PHENEX SYRUP', 12000, 250, 50, 200, ''),
(2343, 4, 'PHENEX TAB ', 45000, 80, 43, 37, ''),
(2344, 4, 'PHENYTOIN 100MG CAP', 750, 80, 21, 59, ''),
(2345, 4, 'PHENYTOIN 100MG/2ML INJ', 23000, 90, 2, 88, ''),
(2346, 4, 'PITOGIN INJ', 31750, 80, 44, 36, ''),
(2347, 4, 'PLANTACID FORTE SYR', 35000, 90, 1, 89, ''),
(2348, 4, 'PLASMINEX INJ', 13300, 60, 2, 58, ''),
(2349, 4, 'PLASMINEX TAB', 3200, 50, 6, 44, ''),
(2350, 4, 'PLAVIX', 419000, 400, 7, 393, ''),
(2351, 4, 'PLAVOS', 11000, 300, 34, 266, ''),
(2352, 4, 'PLENDIL 10', 500000, 100, 5, 95, ''),
(2353, 4, 'PLENDIL 2,5', 195000, 250, 6, 244, ''),
(2354, 4, 'PLENDIL 5', 275000, 75, 33, 42, ''),
(2355, 4, 'PLETAAL 100 MG', 205000, 100, 21, 79, ''),
(2356, 4, 'PLETAAL 50 MG', 80000, 250, 11, 239, ''),
(2357, 4, 'PLEXION', 33000, 80, 16, 64, ''),
(2358, 4, 'PLOSAA MINI EUCALYPTUS', 10500, 80, 18, 62, ''),
(2359, 4, 'PLOSAA ORIGINAL', 5000, 90, 21, 69, ''),
(2360, 4, 'PLOSAA RED HOT', 11500, 60, 43, 17, ''),
(2361, 4, 'POLACEL ', 17000, 50, 32, 18, ''),
(2362, 4, 'POLIDEMISIN EYE DROP', 30000, 75, 33, 42, ''),
(2363, 4, 'POLYCROL', 30000, 50, 50, 0, ''),
(2364, 4, 'POLYCROL FORTE', 168000, 300, 43, 257, ''),
(2365, 4, 'POLYPROPYLENE 3/0', 127150, 75, 21, 54, ''),
(2366, 4, 'PONCOFEN TAB', 1500, 100, 2, 98, ''),
(2367, 4, 'PROTEXIN INFANT', 15000, 90, 22, 68, ''),
(2368, 4, 'PROTEXIN NATURE CARE', 4100, 60, 25, 35, ''),
(2369, 4, 'PROTHYRA 10 MG', 5500, 50, 3, 47, ''),
(2370, 4, 'PROVELYN 75 MG', 11000, 75, 21, 54, ''),
(2371, 4, 'PROVIGOR', 274500, 50, 43, 7, ''),
(2372, 4, 'PROVIRON', 1137000, 300, 21, 279, ''),
(2373, 4, 'PROVITAL TABLET', 2825, 75, 2, 73, ''),
(2374, 4, 'PROXIME TAB', 1200, 100, 21, 79, ''),
(2375, 4, 'PROXITOR 500MG TAB', 14550, 250, 22, 228, ''),
(2376, 4, 'PSIDII CAPSUL 500 MG', 4900, 80, 25, 55, ''),
(2377, 4, 'PULMICORT RESPULE', 18400, 80, 3, 77, ''),
(2378, 4, 'PUMPISEL INJ', 175300, 50, 21, 29, ''),
(2379, 4, 'PUMPITOR INJ', 173500, 300, 22, 278, ''),
(2380, 4, 'PUMPITOR KAP', 15700, 75, 43, 32, ''),
(2381, 4, 'PURICEMIA TAB', 2900, 90, 32, 58, ''),
(2382, 4, 'PURINIC TABLET', 950, 60, 33, 27, ''),
(2383, 4, 'PYFATON', 80000, 50, 40, 10, ''),
(2384, 4, 'PYNOCARE', 484000, 400, 41, 359, ''),
(2385, 4, 'RECO EYE DROPS 10 ML', 7000, 80, 40, 40, ''),
(2386, 4, 'RECOFOL INJ', 106900, 75, 41, 34, ''),
(2387, 4, 'RECUSTEIN KAPSUL', 3650, 100, 47, 53, ''),
(2388, 4, 'REGUMEN', 4000, 300, 48, 252, ''),
(2389, 4, 'REMOPAIN 3% INJ', 39600, 100, 36, 64, ''),
(2390, 4, 'RENABETIC TAB', 75, 250, 31, 219, ''),
(2391, 4, 'RENACARDON 5MG TAB', 2900, 90, 24, 66, ''),
(2392, 4, 'RENADINAC 25 TAB', 450, 60, 27, 33, ''),
(2393, 4, 'RENADINAC 50 TAB', 1000, 50, 29, 21, ''),
(2394, 4, 'RENALYTE', 16000, 75, 41, 34, ''),
(2395, 4, 'RENAPAR TAB', 2250, 50, 44, 6, ''),
(2396, 4, 'RENASISTIN 500MG KAP', 11000, 300, 1, 299, ''),
(2397, 4, 'RENASISTIN OD ', 55000, 250, 2, 248, ''),
(2398, 4, 'RENASISTIN SYR ', 79000, 90, 6, 84, ''),
(2399, 4, 'RENATAC INJ', 19800, 50, 33, 17, ''),
(2400, 4, 'RENATAC TAB', 4800, 75, 21, 54, ''),
(2401, 4, 'RENATOR 500MG TAB', 13750, 200, 11, 189, ''),
(2402, 4, 'RILLUS TAB', 7500, 250, 21, 229, ''),
(2403, 4, 'RILOX 400 KAP', 15850, 225, 2, 223, ''),
(2404, 4, 'RINVOX', 28000, 70, 21, 49, ''),
(2405, 4, 'RISPERIDON 2MG TAB', 3000, 500, 22, 478, ''),
(2406, 4, 'SAMCLOVIR 400MG', 2800, 90, 11, 79, ''),
(2407, 4, 'SAMFLOX TABLET', 10600, 200, 3, 197, ''),
(2408, 4, 'SAN ARSENIC', 718100, 250, 21, 229, ''),
(2409, 4, 'SANAZET', 1350, 225, 22, 203, ''),
(2410, 4, 'SAN-B PLEX DROP 15ML', 18200, 70, 43, 27, ''),
(2411, 4, 'SANBE TEARS 8ML', 22050, 500, 32, 468, ''),
(2412, 4, 'SANDEPRIL 50', 6600, 450, 33, 417, ''),
(2413, 4, 'SANDOSTATIN 0,1MG/ML INJ', 308600, 400, 40, 360, ''),
(2414, 4, 'SANEXON', 248000, 75, 41, 34, ''),
(2415, 4, 'SANEXON 125 INJ', 103200, 50, 47, 3, ''),
(2416, 4, 'SANEXON 500 INJ', 240000, 300, 48, 252, ''),
(2417, 4, 'SANEXON TAB', 2400, 75, 36, 39, ''),
(2418, 4, 'SANFULIQ FCC TAB', 5800, 100, 31, 69, ''),
(2419, 4, 'SANGOBION', 1000, 250, 24, 226, ''),
(2420, 4, 'SANGOBION', 18000, 80, 27, 53, ''),
(2421, 4, 'SANKORBIN INJ', 28000, 80, 29, 51, ''),
(2422, 4, 'SANMAG ', 138000, 90, 41, 49, ''),
(2423, 4, 'SANMAG SYR', 28500, 60, 44, 16, ''),
(2424, 4, 'SANMAG SYRUP', 31000, 50, 1, 49, ''),
(2425, 4, 'SANMAG TAB', 1000, 400, 2, 398, ''),
(2426, 4, 'SANMOL DROP ', 18000, 300, 6, 294, ''),
(2427, 4, 'SANMOL INFUS', 70500, 350, 7, 343, ''),
(2428, 4, 'SANMOL SYR', 13000, 50, 34, 16, ''),
(2429, 4, 'SANMOL TAB', 500, 80, 5, 75, ''),
(2430, 4, 'SANORINE BIRU', 19800, 375, 6, 369, ''),
(2431, 4, 'SANORINE HIJAU', 26400, 350, 33, 317, ''),
(2432, 4, 'SANOSKIN MELLADERM PLUS', 138600, 400, 21, 379, ''),
(2433, 4, 'SANOSKIN OXY GEL', 264000, 60, 11, 49, ''),
(2434, 4, 'SANOTAKE', 658000, 80, 16, 64, ''),
(2435, 4, 'SANPRIMA FORTE CAP', 2500, 70, 18, 52, ''),
(2436, 4, 'SANPRIMA SYR', 29000, 90, 21, 69, ''),
(2437, 4, 'SANPRIMA TAB', 1000, 200, 43, 157, ''),
(2438, 4, 'SANTA-E KAPLET', 1000, 400, 32, 368, ''),
(2439, 4, 'SANTIBI PLUS TAB', 700, 75, 33, 42, ''),
(2440, 4, 'SARIDON', 17000, 50, 50, 0, ''),
(2441, 4, 'SARUNG TANGAN GAMEX', 16500, 300, 43, 257, ''),
(2442, 4, 'SPORETIK D.SYR', 94000, 350, 22, 328, ''),
(2443, 4, 'SPOREX CREAM', 3500, 50, 25, 25, ''),
(2444, 4, 'SPRIVA NEBULES', 16000, 80, 3, 77, ''),
(2445, 4, 'SPUIT 10CC', 5000, 375, 21, 354, ''),
(2446, 4, 'SPUIT 10CC TERUMO', 6000, 350, 22, 328, ''),
(2447, 4, 'SUCTION CATHETER HOSPITEC', 8000, 75, 33, 42, ''),
(2448, 4, 'SULDOX', 3000, 100, 21, 79, ''),
(2449, 4, 'SULFADOXIN PYRIMETAMIN 525 MG TAB*', 600, 250, 11, 239, ''),
(2450, 4, 'SULFAT FEROSUS 300 TAB*', 100, 80, 33, 47, ''),
(2451, 4, 'SUPER TETRA', 1500, 80, 40, 40, ''),
(2452, 4, 'SUPRAMOX DROP', 24000, 90, 41, 49, ''),
(2453, 4, 'SUPRAVIT', 56000, 60, 47, 13, ''),
(2454, 4, 'SUPRAVIT ', 18000, 50, 48, 2, ''),
(2455, 4, 'SURGICAL NEEDLES 32', 151800, 400, 36, 364, ''),
(2456, 4, 'SUSU DIANERAL', 39600, 300, 31, 269, ''),
(2457, 4, 'SYNBIO CAPSUL', 4000, 100, 24, 76, ''),
(2458, 4, 'SYNBIO KAP', 4400, 250, 27, 223, ''),
(2459, 4, 'SYNBIO SACHET', 10000, 80, 29, 51, ''),
(2460, 4, 'SYSMUCO 100 MG TAB', 4200, 80, 41, 39, ''),
(2461, 4, 'T LENE 2/0', 390000, 90, 44, 46, ''),
(2462, 4, 'T VIO 4/0', 390000, 60, 1, 59, ''),
(2463, 4, 'TABAS SYRUP', 30000, 50, 2, 48, ''),
(2464, 4, 'TAFLOTAN', 782000, 400, 6, 394, ''),
(2465, 4, 'TAKANA SYR', 24000, 250, 7, 243, ''),
(2466, 4, 'TAKELIN 250MG/2ML INJ', 22800, 80, 34, 46, ''),
(2467, 4, 'TAMOFEN TAB', 2650, 80, 5, 75, ''),
(2468, 4, 'TANAKAN', 6100, 90, 6, 84, ''),
(2469, 4, 'TANTUM VERDE GARGLE', 18500, 60, 33, 27, ''),
(2470, 4, 'TARIVID OTIC 50 LOTION', 85500, 50, 21, 29, ''),
(2471, 4, 'TAXEGRAM INJ', 150750, 75, 11, 64, ''),
(2472, 4, 'THIAMYCIN 60ML SYR', 33000, 75, 24, 51, ''),
(2473, 4, 'THIAMYCIN FORTE 60ML SYR', 59400, 100, 27, 73, ''),
(2474, 4, 'THROMBOPHOP GEL', 60000, 250, 29, 221, ''),
(2475, 4, 'TIALYSIN KALK SYR', 4050, 80, 41, 39, ''),
(2476, 4, 'TIAMIN HCL 50 TAB*', 30, 80, 44, 36, ''),
(2477, 4, 'TIAMIN HCL INJ 100MG/ML 1ML*', 750, 90, 1, 89, ''),
(2478, 4, 'TIARYT 200 TAB', 6000, 60, 2, 58, ''),
(2479, 4, 'TIARYT INJ', 21000, 50, 6, 44, ''),
(2480, 4, 'TIAZOM TAB', 3300, 75, 7, 68, ''),
(2481, 4, 'TILIDON ', 186000, 50, 34, 16, ''),
(2482, 4, 'TILIDON 10 MG TAB', 4200, 300, 5, 295, ''),
(2483, 4, 'TILIDON SYR', 37000, 75, 6, 69, ''),
(2484, 4, 'TILOMIX', 193000, 100, 33, 67, ''),
(2485, 4, 'TYASON INJ', 223600, 300, 48, 252, ''),
(2486, 4, 'UBITINE', 175000, 100, 36, 64, ''),
(2487, 4, 'ULCERANIN INJ', 19800, 50, 31, 19, ''),
(2488, 4, 'ULCERANIN TAB', 4400, 75, 24, 51, ''),
(2489, 4, 'ULCRON', 3000, 200, 27, 173, ''),
(2490, 4, 'ULCUMET INJ 100MG/ML 2ML', 4650, 125, 29, 96, ''),
(2491, 4, 'ULSAFATE 100 ML SYR', 46200, 300, 41, 259, ''),
(2492, 4, 'ULSAFATE 200 ML SYR', 87150, 75, 44, 31, ''),
(2493, 4, 'ULSIDEX 500 TAB', 350, 100, 1, 99, ''),
(2494, 4, 'ULSIKUR INJ 100MG/ML 2ML', 4650, 250, 2, 248, ''),
(2495, 4, 'ULTRAFIX 10CM/M', 25700, 80, 6, 74, ''),
(2496, 4, 'ULTRAFIX 15CM/M', 35600, 80, 7, 73, ''),
(2497, 4, 'UNALIUM 10MG TAB', 8400, 90, 34, 56, ''),
(2498, 4, 'UNALIUM 5MG TAB', 5800, 60, 5, 55, ''),
(2499, 4, 'UNDER PACC', 7450, 50, 6, 44, ''),
(2500, 4, 'URDAHEX CAP', 11000, 400, 33, 367, ''),
(2501, 4, 'URDEX', 117000, 300, 21, 279, ''),
(2502, 4, 'VOLTADEX 50 TAB', 6100, 80, 11, 69, ''),
(2503, 4, 'VOLTAREN 50', 80000, 90, 16, 74, ''),
(2504, 4, 'VOLTAREN EMULGEL 20', 102000, 60, 18, 42, ''),
(2505, 4, 'VOLTAREN EMULGEL 5 GR', 38000, 50, 21, 29, ''),
(2506, 4, 'VOLTAREN EMULGEL 50', 195000, 400, 43, 357, ''),
(2507, 4, 'VOLTAREN GEL 10 GR', 34500, 300, 32, 268, ''),
(2508, 4, 'VOLTAREN GEL 25 GR', 56000, 350, 33, 317, ''),
(2509, 4, 'VOLTAREN GEL 50 GR', 124000, 50, 50, 0, ''),
(2510, 4, 'VOMETA', 185000, 80, 43, 37, ''),
(2511, 4, 'VOMETA DROP', 62000, 375, 21, 354, ''),
(2512, 4, 'VOMETA FLASH', 59000, 350, 2, 348, ''),
(2513, 4, 'VOMETA SYR', 52000, 400, 21, 379, ''),
(2514, 4, 'VOMETA SYRUP', 65000, 60, 22, 38, ''),
(2515, 4, 'VOMETA TAB', 2500, 80, 25, 55, ''),
(2516, 4, 'VOMIL B6 TAB', 2700, 70, 3, 67, ''),
(2517, 4, 'VOSEDON SUSPENSI', 33000, 90, 21, 69, ''),
(2518, 4, 'VOSEDON TABLET', 2700, 200, 33, 167, ''),
(2519, 4, 'WACOPA', 755000, 400, 50, 350, ''),
(2520, 4, 'WASIRIN', 1280000, 75, 43, 32, ''),
(2521, 4, 'ZANTAC 300', 135000, 75, 40, 35, ''),
(2522, 4, 'ZAROM 250 CAPSULE', 19300, 50, 41, 9, ''),
(2523, 4, 'ZEGAVIT', 268000, 300, 47, 253, ''),
(2524, 4, 'ZESTAM 50 TAB', 1400, 75, 48, 27, ''),
(2525, 4, 'ZIBRAMAX SYR', 110000, 100, 36, 64, ''),
(2526, 4, 'ZIBRAMAX TAB', 41000, 250, 31, 219, ''),
(2527, 4, 'ZIBRAMAX TAB', 41000, 80, 24, 56, ''),
(2528, 4, 'ZINCPRO SYR 60 ML', 36500, 80, 27, 53, ''),
(2529, 4, 'ZINONE', 72000, 90, 29, 61, ''),
(2530, 4, 'ZIN-PRO SYR', 33000, 60, 41, 19, ''),
(2531, 4, 'ZISTIC 250', 226000, 50, 44, 6, ''),
(2532, 4, 'ZISTIC 500', 400000, 400, 1, 399, ''),
(2533, 4, 'ZOLESCO', 15800, 300, 2, 298, ''),
(2534, 4, 'ZYLORIC 100', 45000, 100, 6, 94, ''),
(2535, 4, 'ZYLORIC 300', 125500, 250, 7, 243, ''),
(2615, 5, 'CARBAMAZEPIN 200MG*', 300, 60, 22, 38, ''),
(2616, 5, 'CARDIOMIN ', 15000, 60, 12, 48, ''),
(2617, 5, 'CARDISAN 10MG TABLET', 11900, 40, 11, 29, ''),
(2618, 5, 'CARDISAN 5MG TABLET', 6900, 60, 21, 39, ''),
(2619, 5, 'CEFIXIME DRY SYR 30ML', 36300, 30, 8, 22, ''),
(2620, 5, 'CENDO XITROL', 33000, 30, 9, 21, ''),
(2621, 5, 'CERINI', 5000, 200, 10, 190, ''),
(2622, 5, 'CERINI DROP', 93800, 200, 7, 193, ''),
(2623, 5, 'CERINI SYR', 59000, 50, 8, 42, ''),
(2624, 5, 'CERINI TAB', 3800, 75, 9, 66, ''),
(2625, 5, 'CETINAL TAB', 5750, 80, 10, 70, ''),
(2626, 5, 'CETIRIZINE 10MG TAB', 450, 90, 22, 68, ''),
(2627, 5, 'CHLORAMEX 250 ', 1000, 85, 12, 73, ''),
(2628, 5, 'CHLORAMEX 500', 2000, 45, 5, 40, ''),
(2629, 5, 'CHLORAMFECORT-H CREAM', 11000, 40, 12, 28, ''),
(2630, 5, 'CHLORAMPENICOL-1%', 2000, 30, 22, 8, ''),
(2631, 5, 'CUPANOL SYR', 18900, 50, 10, 40, ''),
(2632, 5, 'CURCUMA 200 TAB', 1000, 75, 4, 71, ''),
(2633, 5, 'CURLIV PLUS TAB', 4700, 80, 7, 73, ''),
(2634, 5, 'CURMUNOS SYR', 71500, 85, 8, 77, ''),
(2635, 5, 'CURVIT 60 ML', 17700, 45, 9, 36, ''),
(2636, 5, 'CURVIT CL 175ML SYR ', 55000, 40, 10, 30, ''),
(2637, 5, 'CYTRODOX 500 MG', 12600, 30, 12, 18, ''),
(2638, 5, 'D10% INF 500ML*', 6600, 30, 11, 19, ''),
(2639, 5, 'D40% INF 25ML', 1600, 200, 21, 179, ''),
(2640, 5, 'D5% INF 500ML', 6400, 200, 20, 180, ''),
(2641, 5, 'DAKTARIN 10 GR', 43500, 50, 11, 39, ''),
(2642, 5, 'DAKTARIN 5 GR ', 25000, 75, 4, 71, ''),
(2643, 5, 'DAMABEN DROP 10ML', 16000, 80, 7, 73, ''),
(2644, 5, 'GASTRIDIN TAB', 5550, 50, 10, 40, ''),
(2645, 5, 'GASTROFER INJ', 126000, 75, 4, 71, ''),
(2646, 5, 'GASTROLAN', 20000, 60, 10, 50, ''),
(2647, 5, 'GASTROLAN KAP', 11900, 65, 12, 53, ''),
(2648, 5, 'GASTRUL 200 TAB', 13100, 60, 11, 49, ''),
(2649, 5, 'GDS', 20000, 40, 21, 19, ''),
(2650, 5, 'GEMFIBROZIL 300 TAB*', 500, 80, 20, 60, ''),
(2651, 5, 'GEMFIBROZIL 600 TAB*', 1700, 80, 11, 69, ''),
(2652, 5, 'GENOLON KRIM', 38000, 40, 4, 36, ''),
(2653, 5, 'GENTAMISIN 0,1% SK*', 3000, 30, 7, 23, ''),
(2654, 5, 'GENTAMYCIN 40MG/ML INJ 2ML*', 3500, 30, 8, 22, ''),
(2655, 5, 'GRATHAZON TAB', 200, 100, 10, 90, ''),
(2656, 5, 'GRISEOFULVIN 125 TAB*', 150, 120, 11, 109, ''),
(2657, 5, 'GUARPOSID 5MG TAB', 3200, 125, 4, 121, ''),
(2658, 5, 'GUEDEL AIRWAY HOSPITEC', 28000, 55, 7, 48, ''),
(2659, 5, 'GUNTING OPERASI 14CM', 46200, 50, 11, 39, ''),
(2660, 5, 'GYPSONA 10CM', 46000, 75, 21, 54, ''),
(2661, 5, 'GYPSONA 15CM', 60000, 60, 20, 40, ''),
(2662, 5, 'GYPSONA 3\"', 35700, 65, 11, 54, ''),
(2663, 5, 'GYPSONA 6CM', 59400, 60, 4, 56, ''),
(2664, 5, 'GYPSONA 7,5CM', 39600, 40, 7, 33, ''),
(2665, 5, 'HAEMACCEL INF', 211200, 80, 8, 72, ''),
(2666, 5, 'HALOPERIDOL 0,5 TAB*', 100, 65, 9, 56, ''),
(2667, 5, 'HALOPERIDOL 1,5 TAB*', 100, 60, 10, 50, ''),
(2668, 5, 'HALOPERIDOL 5 TAB*', 150, 40, 11, 29, ''),
(2669, 5, 'HANDSCOEN', 8000, 60, 4, 56, ''),
(2670, 5, 'HANSAPLAS ROL', 6000, 65, 7, 58, ''),
(2671, 5, 'HANSAPLAS ROL KAIN', 4600, 60, 8, 52, ''),
(2672, 5, 'INCELIN 250 INJ', 29100, 85, 7, 78, ''),
(2673, 5, 'INCELIN 500 INJ', 52800, 45, 8, 37, ''),
(2674, 5, 'INCELIN 500 TAB', 11450, 40, 9, 31, ''),
(2675, 5, 'INDANOX 300 TAB', 7700, 30, 10, 20, ''),
(2676, 5, 'INDEXON', 40000, 30, 11, 19, ''),
(2677, 5, 'INDEXON 5MG INJ', 8200, 200, 4, 196, ''),
(2678, 5, 'INDEXON TAB', 350, 200, 7, 193, ''),
(2679, 5, 'INDOP 40MG/ML INJ', 36300, 50, 8, 42, ''),
(2680, 5, 'INDUXIN 10 IU/ML INJ 1ML*', 9100, 75, 9, 66, ''),
(2681, 5, 'INERSON', 68500, 80, 10, 70, ''),
(2682, 5, 'INERSON KRIM 0,25% 15GR', 26400, 40, 4, 36, ''),
(2683, 5, 'LIDOCAIN HCL INJ 2% 2ML*', 2000, 30, 12, 18, ''),
(2684, 5, 'LIFEZAR 100 ', 129500, 30, 15, 15, ''),
(2685, 5, 'LIFEZAR 50 ', 9200, 90, 14, 76, ''),
(2686, 5, 'LIFIBRON 300', 292, 85, 18, 67, ''),
(2687, 5, 'LIFIBRON 600', 13500, 45, 3, 42, ''),
(2688, 5, 'LINCOCIN 250', 14500, 40, 8, 32, ''),
(2689, 5, 'LINCOCIN 500', 14300, 30, 10, 20, ''),
(2690, 5, 'LINCOCIN SYRUP ', 71200, 30, 11, 19, ''),
(2691, 5, 'LIPINORM 10 ', 4700, 200, 11, 189, ''),
(2692, 5, 'LORATADINE TAB*', 500, 200, 11, 189, ''),
(2693, 5, 'LOSARTAN 50MG TAB', 5100, 200, 11, 189, ''),
(2694, 5, 'LOTASBAT CREAM', 42000, 50, 21, 29, ''),
(2695, 5, 'LOTREMIN 10 GR ', 42500, 75, 23, 52, ''),
(2696, 5, 'LOTREMIN 5 GR ', 147500, 80, 4, 76, ''),
(2697, 5, 'LOVATROL ', 9500, 40, 3, 37, ''),
(2698, 5, 'LOVENOX INJ', 63600, 30, 21, 9, ''),
(2699, 5, 'LOVESCO TAB', 34500, 30, 12, 18, ''),
(2700, 5, 'LYCOTEN', 3500, 200, 15, 185, ''),
(2701, 5, 'LYCOXY', 4950, 200, 14, 186, ''),
(2702, 5, 'LYNORAL 0,05 TAB', 1800, 50, 4, 46, ''),
(2703, 5, 'MEPIRILID 1MG TAB', 1950, 65, 11, 54, '');
INSERT INTO `tb_obat` (`id`, `id_apotek`, `nama`, `harga`, `stock`, `terjual`, `tersedia`, `kategori`) VALUES
(2704, 5, 'MEPIRILID 2MG TAB', 3600, 60, 11, 49, ''),
(2705, 5, 'MEPTIN 0,05 TAB', 3600, 40, 21, 19, ''),
(2706, 5, 'MEPTIN MINI TAB', 2950, 80, 23, 57, ''),
(2707, 5, 'MEPTIN SYR 60ML', 46400, 80, 4, 76, ''),
(2708, 5, 'MEPTIN-AIR I.H 10MCG/PUFF', 83200, 40, 3, 37, ''),
(2709, 5, 'MEROFEN 0,5G INJ', 201600, 30, 21, 9, ''),
(2710, 5, 'MEROFEN 1G INJ', 554400, 30, 12, 18, ''),
(2711, 5, 'MEROPENEM 1G INJ', 264000, 200, 15, 185, ''),
(2712, 5, 'MERTIGO 6MG TAB', 3800, 200, 14, 186, ''),
(2713, 5, 'MERTIGO SR', 5700, 50, 4, 46, ''),
(2714, 5, 'MESH HERNIA', 712800, 75, 3, 72, ''),
(2715, 5, 'MESH PROLINE', 693000, 80, 21, 59, ''),
(2716, 5, 'MESH TRULENE 7.6X15', 978300, 100, 12, 88, ''),
(2717, 5, 'METFORMIN 500 ', 2000, 120, 15, 105, ''),
(2718, 5, 'METFORMIN 500 TAB*', 300, 125, 14, 111, ''),
(2719, 5, 'METFORMIN 850', 5500, 55, 18, 37, ''),
(2720, 5, 'METFORMIN 850 TAB*', 250, 50, 3, 47, ''),
(2721, 5, 'METHIOSON TAB', 1100, 75, 8, 67, ''),
(2722, 5, 'NASAL KANUL', 20000, 55, 4, 51, ''),
(2723, 5, 'NASAL KANUL HOSPITEC', 17800, 50, 3, 47, ''),
(2724, 5, 'NASAL O2', 30000, 75, 21, 54, ''),
(2725, 5, 'NATO', 11500, 60, 12, 48, ''),
(2726, 5, 'NEUCITI 500 MG', 12700, 80, 21, 59, ''),
(2727, 5, 'NEURALGIN', 54000, 90, 23, 67, ''),
(2728, 5, 'NEURALGIN KAPLET ', 2247, 85, 4, 81, ''),
(2729, 5, 'NEURALGIN PAIN CREAM 30 GR ', 31900, 45, 3, 42, ''),
(2730, 5, 'NEURALGIN RX', 600, 40, 21, 19, ''),
(2731, 5, 'NEURAXON 5000', 372700, 30, 12, 18, ''),
(2732, 5, 'NEUROBAT FORTE INJ 3 ML', 7300, 30, 15, 15, ''),
(2733, 5, 'NEUROBION 5000', 306000, 200, 14, 186, ''),
(2734, 5, 'NEUROBION 5000 INJ', 6600, 200, 4, 196, ''),
(2735, 5, 'NEUROBION 5000 TAB', 2600, 50, 3, 47, ''),
(2736, 5, 'NEUROBION INJEKSI', 81800, 75, 21, 54, ''),
(2737, 5, 'NEUROBION TABLET ', 123000, 80, 23, 57, ''),
(2738, 5, 'NEURODEX TAB', 550, 90, 4, 86, ''),
(2739, 5, 'NEUROLIN 250 MG INJ', 23100, 85, 3, 82, ''),
(2740, 5, 'NEUROSANBE 5000 TABLET', 2500, 45, 21, 24, ''),
(2741, 5, 'OTTOZOL INJ', 165000, 40, 11, 29, ''),
(2742, 5, 'OXCAL TAB', 3200, 30, 21, 9, ''),
(2743, 5, 'OXCAM 15MG', 7600, 30, 23, 7, ''),
(2744, 5, 'OXYBIOTIC 50MG/ML INJ 10ML', 4800, 200, 4, 196, ''),
(2745, 5, 'OXYFLOW ADULT OXY NASAL', 15850, 200, 3, 197, ''),
(2746, 5, 'OXYTETRACYCLIN SK', 2050, 50, 21, 29, ''),
(2747, 5, 'OXYZONE KRIM 0,25% 15GR', 13200, 75, 12, 63, ''),
(2748, 5, 'PAMOL 125 SUPP', 9100, 80, 15, 65, ''),
(2749, 5, 'PAMOL DROP', 25000, 85, 14, 71, ''),
(2750, 5, 'PAMOL SYR 60 ML', 17000, 45, 21, 24, ''),
(2751, 5, 'PAMOL TAB', 500, 40, 12, 28, ''),
(2752, 5, 'PAN AMIN G INF 500ML', 24400, 30, 15, 15, ''),
(2753, 5, 'PANADOL ', 6200, 30, 12, 18, ''),
(2754, 5, 'PANADOL 6+ SYRUP ', 54200, 200, 15, 185, ''),
(2755, 5, 'PANADOL ANAK ', 15000, 200, 14, 186, ''),
(2756, 5, 'PANADOL COLD DAN FLU ', 125000, 50, 21, 29, ''),
(2757, 5, 'PANADOL DROP ', 51400, 75, 12, 63, ''),
(2758, 5, 'PIRIDOKSIN HCL INJ 1ML', 1100, 30, 12, 18, ''),
(2759, 5, 'PIROFEL 10 ', 58000, 30, 15, 15, ''),
(2760, 5, 'PIROFEL 20 ', 200000, 200, 14, 186, ''),
(2761, 5, 'PIROFEL GEL ', 23000, 200, 21, 179, ''),
(2762, 5, 'PIROXICAM 10 TAB*', 200, 50, 12, 38, ''),
(2763, 5, 'PIROXICAM 20 TAB*', 200, 75, 15, 60, ''),
(2764, 5, 'PITOGIN INJ', 31750, 80, 14, 66, ''),
(2765, 5, 'PLANTACID FORTE SYR', 35000, 85, 18, 67, ''),
(2766, 5, 'PLASMINEX INJ', 13300, 45, 12, 33, ''),
(2767, 5, 'PLASMINEX TAB', 3200, 40, 15, 25, ''),
(2768, 5, 'PLAVIX', 419000, 30, 14, 16, ''),
(2769, 5, 'PLAVOS', 11000, 30, 21, 9, ''),
(2770, 5, 'PLENDIL 10', 500000, 200, 23, 177, ''),
(2771, 5, 'PLENDIL 2,5', 195000, 200, 4, 196, ''),
(2772, 5, 'PLENDIL 5', 275000, 50, 3, 47, ''),
(2773, 5, 'PLETAAL 100 MG', 205000, 75, 21, 54, ''),
(2774, 5, 'PLETAAL 50 MG', 80000, 80, 12, 68, ''),
(2775, 5, 'PLEXION', 33000, 40, 15, 25, ''),
(2776, 5, 'PLOSAA MINI EUCALYPTUS', 10500, 30, 14, 16, ''),
(2777, 5, 'PROTEXIN INFANT', 15000, 200, 9, 191, ''),
(2778, 5, 'PROTEXIN NATURE CARE', 4100, 200, 10, 190, ''),
(2779, 5, 'PROTHYRA 10 MG', 5500, 50, 10, 40, ''),
(2780, 5, 'PROVELYN 75 MG', 11000, 75, 12, 63, ''),
(2781, 5, 'PROVIGOR', 274500, 80, 11, 69, ''),
(2782, 5, 'PROVIRON', 1137000, 40, 21, 19, ''),
(2783, 5, 'PROVITAL TABLET', 2825, 30, 20, 10, ''),
(2784, 5, 'PROXIME TAB', 1200, 30, 11, 19, ''),
(2785, 5, 'PROXITOR 500MG TAB', 14550, 200, 4, 196, ''),
(2786, 5, 'PSIDII CAPSUL 500 MG', 4900, 200, 7, 193, ''),
(2787, 5, 'PULMICORT RESPULE', 18400, 50, 8, 42, ''),
(2788, 5, 'PUMPISEL INJ', 175300, 75, 9, 66, ''),
(2789, 5, 'PUMPITOR INJ', 173500, 80, 10, 70, ''),
(2790, 5, 'PUMPITOR KAP', 15700, 85, 4, 81, ''),
(2791, 5, 'PURICEMIA TAB', 2900, 45, 7, 38, ''),
(2792, 5, 'PURINIC TABLET', 950, 40, 8, 32, ''),
(2793, 5, 'PYFATON', 80000, 30, 9, 21, ''),
(2794, 5, 'PYNOCARE', 484000, 30, 10, 20, ''),
(2795, 5, 'PYRAZINAMIDE 500', 45000, 200, 12, 188, ''),
(2796, 5, 'PYRICEF 500 KAPSUL', 11700, 200, 11, 189, ''),
(2797, 5, 'PYRICEF SYR', 48500, 50, 21, 29, ''),
(2798, 5, 'PYTOGIN 10 IU/ML 1ML*', 2400, 75, 20, 55, ''),
(2799, 5, 'Q-CEF 500 MG TAB', 11700, 80, 11, 69, ''),
(2800, 5, 'RENASISTIN OD ', 55000, 125, 10, 115, ''),
(2801, 5, 'RENASISTIN SYR ', 79000, 55, 10, 45, ''),
(2802, 5, 'RENATAC INJ', 19800, 50, 12, 38, ''),
(2803, 5, 'RENATAC TAB', 4800, 75, 11, 64, ''),
(2804, 5, 'RENATOR 500MG TAB', 13750, 60, 21, 39, ''),
(2805, 5, 'RENATOR INF', 145200, 65, 20, 45, ''),
(2806, 5, 'RENAX 50 CAP', 4800, 60, 11, 49, ''),
(2807, 5, 'RENXAMIN INF', 95050, 40, 4, 36, ''),
(2808, 5, 'REOTAL SR 400', 120000, 80, 7, 73, ''),
(2809, 5, 'RESFLOX TAB', 22900, 65, 8, 57, ''),
(2810, 5, 'RESKUIN 500 MG', 33700, 60, 9, 51, ''),
(2811, 5, 'RETIVIT KAP', 3700, 40, 10, 30, ''),
(2812, 5, 'RETIVIT PLUS KAP', 7000, 80, 11, 69, ''),
(2813, 5, 'REUCID 100 MG TAB', 830, 80, 4, 76, ''),
(2814, 5, 'REVER CREAM', 110000, 40, 7, 33, ''),
(2815, 5, 'REVOLAC 30MG INJ', 33000, 30, 8, 22, ''),
(2816, 5, 'REVOLAN 1 GR INJ', 18900, 30, 9, 21, ''),
(2817, 5, 'REVOLAN 3 GR INJ', 62200, 200, 10, 190, ''),
(2818, 5, 'REVOLAN 400 MG', 2500, 200, 4, 196, ''),
(2819, 5, 'REVOLAN 800 MG', 4300, 50, 7, 43, ''),
(2820, 5, 'RHETOFLAM GEL 20MG', 33000, 75, 8, 67, ''),
(2821, 5, 'RHINOFED SYR 60 ML', 30000, 80, 9, 71, ''),
(2822, 5, 'RHINOS JUNIOR', 35000, 100, 10, 90, ''),
(2823, 5, 'RHINOS NEO DROP 10ML', 52000, 120, 12, 108, ''),
(2824, 5, 'RHINOS SR', 6000, 125, 11, 114, ''),
(2825, 5, 'RHODIUM TABLET', 6600, 55, 21, 34, ''),
(2826, 5, 'RIFAMPISIN 300 TAB*', 650, 50, 20, 30, ''),
(2827, 5, 'RIFAMPISIN 450 TAB*', 800, 75, 11, 64, ''),
(2828, 5, 'RIFAMPISIN 600 TAB*', 850, 80, 10, 70, ''),
(2829, 5, 'SARIDON', 17000, 50, 21, 29, ''),
(2830, 5, 'SARUNG TANGAN GAMEX', 16500, 75, 20, 55, ''),
(2831, 5, 'SEDROFEN SYR 60 ML', 46200, 50, 9, 41, ''),
(2832, 5, 'SELESMAG TAB', 200, 75, 10, 65, ''),
(2833, 5, 'SELOXY AA', 167000, 80, 11, 69, ''),
(2834, 5, 'SELVIGON SYRUP', 224000, 100, 4, 96, ''),
(2835, 5, 'SERCOL 8 MG TAB', 1400, 120, 7, 113, ''),
(2836, 5, 'SERFAC 250 INJ', 37500, 125, 8, 117, ''),
(2837, 5, 'SERFAC 500 INJ', 58500, 55, 9, 46, ''),
(2838, 5, 'SERLOF 50MG TAB', 14700, 50, 10, 40, ''),
(2839, 5, 'SERUM ANTI TETANUS (KUDA) 1500 IU', 99800, 75, 4, 71, ''),
(2840, 5, 'SHAROX 750MG INJ', 60800, 60, 4, 56, ''),
(2841, 5, 'SIANOKOBALAMIN/VIT.B12 INJ 500MCG/ML 1ML*', 800, 65, 7, 58, ''),
(2842, 5, 'SIANOKOBALAMIN/VIT.B12 TAB*', 50, 60, 8, 52, ''),
(2843, 5, 'SILADEX DMP 100 ML', 21000, 40, 9, 31, ''),
(2844, 5, 'SILADEX DMP 60 ML', 17000, 80, 10, 70, ''),
(2845, 5, 'SILADEX ME (EXP) 100 ML', 19000, 80, 11, 69, ''),
(2846, 5, 'TENBLOK 100 TAB*', 400, 200, 10, 190, ''),
(2847, 5, 'TENBLOK 50 TAB*', 260, 200, 12, 188, ''),
(2848, 5, 'TENORMIN 50', 550000, 50, 11, 39, ''),
(2849, 5, 'TENSINOP 10MG TAB', 4500, 75, 21, 54, ''),
(2850, 5, 'TENSINOP 5MG TAB', 1900, 80, 20, 60, ''),
(2851, 5, 'TENSIVASK 10 MG TAB', 12550, 85, 11, 74, ''),
(2852, 5, 'TENSIVASK 5 TAB', 6900, 45, 4, 41, ''),
(2853, 5, 'TEOROL', 59000, 40, 7, 33, ''),
(2854, 5, 'TEOSAL', 23000, 30, 8, 22, ''),
(2855, 5, 'TEOSAL TAB', 300, 30, 9, 21, ''),
(2856, 5, 'TERANOL 30MG INJ', 40750, 90, 10, 80, ''),
(2857, 5, 'TERANOL TAB', 6400, 85, 11, 74, ''),
(2858, 5, 'TERFACEF INJ', 250000, 45, 4, 41, ''),
(2859, 5, 'TILIDON ', 186000, 40, 7, 33, ''),
(2860, 5, 'TILIDON 10 MG TAB', 4200, 30, 8, 22, ''),
(2861, 5, 'TILIDON SYR', 37000, 30, 9, 21, ''),
(2862, 5, 'TILOMIX', 193000, 200, 10, 190, ''),
(2863, 5, 'TRANSBRONCHO 15MG/5ML SYR 100ML', 15600, 65, 9, 56, ''),
(2864, 5, 'TRANSBRONCHO 30 TAB', 760, 60, 10, 50, ''),
(2865, 5, 'TRANSFUSI SET', 33400, 60, 11, 49, ''),
(2866, 5, 'TRANSFUSI SET DOUBLE BAG', 26400, 80, 4, 76, ''),
(2867, 5, 'TRANSFUSI SET HOSPITEC', 11500, 40, 7, 33, ''),
(2868, 5, 'TRAZEP RECTAL', 23800, 30, 8, 22, ''),
(2869, 5, 'TREMENZA SYR', 17000, 30, 9, 21, ''),
(2870, 5, 'TREMENZA TAB', 1700, 200, 10, 190, ''),
(2871, 5, 'TRENAT 100 MG INJ', 15900, 200, 4, 196, ''),
(2872, 5, 'TRENTAL 400 MG', 343000, 30, 4, 26, ''),
(2873, 5, 'TRIAMINIC SYR', 36000, 30, 7, 23, ''),
(2874, 5, 'TRIANTA', 6000, 200, 8, 192, ''),
(2875, 5, 'TRIANTA SYRUP', 11000, 200, 9, 191, ''),
(2876, 5, 'TRICHODAZOL 500MG TAB', 2000, 50, 10, 40, ''),
(2877, 5, 'TRICHODAZOL INF', 104000, 60, 11, 49, ''),
(2878, 5, 'TRICHODAZOL PLUS OVULA', 15500, 40, 4, 36, ''),
(2879, 5, 'TRIFED TAB', 1750, 60, 7, 53, ''),
(2880, 5, 'TRIFEDRIN CUM EXP', 22000, 75, 8, 67, ''),
(2881, 5, 'ULSAFATE 100 ML SYR', 46200, 200, 4, 196, ''),
(2882, 5, 'ULSAFATE 200 ML SYR', 87150, 50, 7, 43, ''),
(2883, 5, 'ULSIDEX 500 TAB', 350, 75, 8, 67, ''),
(2884, 5, 'ULSIKUR INJ 100MG/ML 2ML', 4650, 80, 9, 71, ''),
(2885, 5, 'ULTRAFIX 10CM/M', 25700, 90, 10, 80, ''),
(2886, 5, 'ULTRAFIX 15CM/M', 35600, 85, 4, 81, ''),
(2887, 5, 'UNALIUM 10MG TAB', 8400, 45, 7, 38, ''),
(2888, 5, 'UNALIUM 5MG TAB', 5800, 40, 8, 32, ''),
(2889, 5, 'UNDER PACC', 7450, 30, 9, 21, ''),
(2890, 5, 'URDAHEX CAP', 11000, 30, 10, 20, ''),
(2891, 5, 'URDEX', 117000, 90, 4, 86, ''),
(2892, 5, 'URGOTUL 10X10 CM', 17200, 85, 10, 75, ''),
(2893, 5, 'URIEF TAB', 42500, 45, 12, 33, ''),
(2894, 5, 'URIN BAG', 9900, 40, 11, 29, ''),
(2895, 5, 'URINTER TAB', 4700, 30, 21, 9, ''),
(2896, 5, 'URISPAS', 56500, 30, 20, 10, ''),
(2897, 5, 'VALISANBE INJ', 15000, 30, 10, 20, ''),
(2898, 5, 'VISEBAD DROP', 20000, 30, 10, 20, ''),
(2899, 5, 'VISEBAD PLUS SUSP', 29000, 30, 4, 26, ''),
(2900, 5, 'VIT A IPI', 4000, 200, 10, 190, ''),
(2901, 5, 'VITACID 0,025 GR', 24000, 200, 12, 188, ''),
(2902, 5, 'VITACID 0,1 GR', 45000, 50, 11, 39, ''),
(2903, 5, 'VITACID CREM', 35000, 75, 21, 54, ''),
(2904, 5, 'VITACUR SYR', 38000, 80, 20, 60, ''),
(2905, 5, 'VITAFEM', 9000, 40, 11, 29, ''),
(2906, 5, 'VITAGROW', 51000, 30, 4, 26, ''),
(2907, 5, 'VITALA', 139000, 30, 7, 23, ''),
(2908, 5, 'VITALUX PLUS', 260000, 200, 8, 192, ''),
(2909, 5, 'VITAMIN B COMPLEX TAB*', 30000, 200, 9, 191, ''),
(2910, 5, 'VITAMIN C 50 TAB*', 25000, 50, 10, 40, ''),
(2911, 5, 'VITAMULTI TAB', 1400, 75, 11, 64, ''),
(2912, 5, 'VIVENA 9', 120000, 80, 4, 76, ''),
(2913, 5, 'VOLTADEX 50 TAB', 6100, 85, 7, 78, ''),
(2914, 5, 'VOLTAREN 50', 80000, 45, 8, 37, ''),
(2915, 5, 'VOLTAREN EMULGEL 20', 102000, 40, 9, 31, ''),
(2916, 5, 'VOLTAREN EMULGEL 5 GR', 38000, 30, 10, 20, ''),
(2917, 5, 'VOLTAREN EMULGEL 50', 195000, 30, 11, 19, ''),
(2918, 5, 'VOLTAREN GEL 10 GR', 34500, 200, 4, 196, ''),
(2919, 5, 'VOLTAREN GEL 25 GR', 56000, 200, 7, 193, ''),
(2920, 5, 'XIDANE', 8800, 75, 11, 64, ''),
(2921, 5, 'XIMESCO TAB', 33000, 80, 21, 59, ''),
(2922, 5, 'ZAMBUK MEDICATED OINMENT', 65000, 40, 20, 20, ''),
(2923, 5, 'ZAMEL SYR 60 ML', 41500, 30, 11, 19, ''),
(2924, 5, 'ZANTAC 150 MG', 145000, 30, 4, 26, ''),
(2925, 5, 'ZANTAC 300', 135000, 200, 7, 193, ''),
(2926, 5, 'ZAROM 250 CAPSULE', 19300, 200, 8, 192, ''),
(2927, 5, 'ZEGAVIT', 268000, 50, 9, 41, ''),
(2928, 5, 'ZESTAM 50 TAB', 1400, 75, 10, 65, ''),
(2929, 5, 'ZIBRAMAX SYR', 110000, 80, 11, 69, ''),
(2930, 5, 'ZIBRAMAX TAB', 41000, 85, 4, 81, ''),
(2931, 5, 'ZIBRAMAX TAB', 41000, 45, 7, 38, ''),
(2932, 5, 'ZINCPRO SYR 60 ML', 36500, 40, 11, 29, ''),
(2933, 5, 'ZINONE', 72000, 30, 21, 9, ''),
(2934, 5, 'ZIN-PRO SYR', 33000, 30, 20, 10, ''),
(2935, 5, 'ZISTIC 250', 226000, 200, 11, 189, ''),
(2936, 5, 'ZISTIC 500', 400000, 200, 4, 196, ''),
(2937, 5, 'ZOLESCO', 15800, 50, 7, 43, ''),
(2938, 5, 'ZYLORIC 100', 45000, 75, 8, 67, ''),
(2939, 5, 'ZYLORIC 300', 125500, 80, 9, 71, '');

--
-- Indexes for dumped tables
--

--
-- Indexes for table `tb_admin_user`
--
ALTER TABLE `tb_admin_user`
  ADD PRIMARY KEY (`id`);

--
-- Indexes for table `tb_apotek`
--
ALTER TABLE `tb_apotek`
  ADD PRIMARY KEY (`id`);

--
-- Indexes for table `tb_obat`
--
ALTER TABLE `tb_obat`
  ADD PRIMARY KEY (`id`);

--
-- AUTO_INCREMENT for dumped tables
--

--
-- AUTO_INCREMENT for table `tb_admin_user`
--
ALTER TABLE `tb_admin_user`
  MODIFY `id` int(10) NOT NULL AUTO_INCREMENT, AUTO_INCREMENT=20;

--
-- AUTO_INCREMENT for table `tb_apotek`
--
ALTER TABLE `tb_apotek`
  MODIFY `id` int(10) NOT NULL AUTO_INCREMENT, AUTO_INCREMENT=13;

--
-- AUTO_INCREMENT for table `tb_obat`
--
ALTER TABLE `tb_obat`
  MODIFY `id` int(10) NOT NULL AUTO_INCREMENT, AUTO_INCREMENT=3126;
COMMIT;

/*!40101 SET CHARACTER_SET_CLIENT=@OLD_CHARACTER_SET_CLIENT */;
/*!40101 SET CHARACTER_SET_RESULTS=@OLD_CHARACTER_SET_RESULTS */;
/*!40101 SET COLLATION_CONNECTION=@OLD_COLLATION_CONNECTION */;
